time_s,episode,step,send_success,error,sof_hex,residual,timing_accurate,episode_done,checksum_hex,packet_bytes,packet_size,timestamp
63.397476917998574,3,1,True,,0xBBBB,0.048,True,False,0xB23B,BBBB3D449BA60100B23B,10,17:50:56.670
63.50219750500037,3,2,True,,0xBBBB,0.0,True,False,0x5700,BBBB0000000001005700,10,17:50:56.775
63.6008940449974,3,3,True,,0xBBBB,-0.006267469376325607,True,False,0x0BA5,BBBBBBCD5F5801000BA5,10,17:50:56.874
63.70114052699864,3,4,True,,0xBBBB,0.013007499277591705,True,False,0xD78E,BBBB3C551D680100D78E,10,17:50:56.974
63.800584938999236,3,5,True,,0xBBBB,0.061007499277591706,True,False,0xF4AE,BBBB3D79E3000100F4AE,10,17:50:57.073
63.901743282996904,3,6,True,,0xBBBB,0.013007499277591705,True,False,0xD78E,BBBB3C551D680100D78E,10,17:50:57.175
64.00282005099871,3,7,True,,0xBBBB,0.061007499277591706,True,False,0xF4AE,BBBB3D79E3000100F4AE,10,17:50:57.276
64.10296148999987,3,8,True,,0xBBBB,0.013007499277591705,True,False,0xD78E,BBBB3C551D680100D78E,10,17:50:57.376
64.20095764899816,3,9,True,,0xBBBB,0.061007499277591706,True,False,0xF4AE,BBBB3D79E3000100F4AE,10,17:50:57.474
64.30130973300038,3,10,True,,0xBBBB,0.013007499277591705,True,False,0xD78E,BBBB3C551D680100D78E,10,17:50:57.574
64.40144306999719,3,11,True,,0xBBBB,0.061007499277591706,True,False,0xF4AE,BBBB3D79E3000100F4AE,10,17:50:57.674
64.50159177199748,3,12,True,,0xBBBB,0.013007499277591705,True,False,0xD78E,BBBB3C551D680100D78E,10,17:50:57.774
64.60126554599992,3,13,True,,0xBBBB,0.061007499277591706,True,False,0xF4AE,BBBB3D79E3000100F4AE,10,17:50:57.874
64.7012223219972,3,14,True,,0xBBBB,0.06525545716285706,True,False,0xB75B,BBBB3D85A4A70100B75B,10,17:50:57.974
64.80144226300035,3,15,True,,0xBBBB,0.04814504683017731,True,False,0x15A6,BBBB3D4533BE010015A6,10,17:50:58.074
64.90001336400019,3,16,True,,0xBBBB,0.09614504683017731,True,False,0xF863,BBBB3DC4E7B20100F863,10,17:50:58.173
65.00179023199962,3,17,True,,0xBBBB,0.14414504683017731,True,False,0x6E0E,BBBB3E139AC201006E0E,10,17:50:58.275
65.10044039499917,3,18,True,,0xBBBB,0.09614504683017731,True,False,0xF863,BBBB3DC4E7B20100F863,10,17:50:58.373
65.20221391099767,3,19,True,,0xBBBB,0.14414504683017731,True,False,0x6E0E,BBBB3E139AC201006E0E,10,17:50:58.475
65.30085289899944,3,20,True,,0xBBBB,0.1721444606781006,True,False,0xE7A1,BBBB3E3046A30100E7A1,10,17:50:58.574
65.400871414,3,21,True,,0xBBBB,0.16656427383422853,True,False,0x62C6,BBBB3E2A8FD3010062C6,10,17:50:58.674
65.50023145599698,3,22,True,,0xBBBB,0.11856427383422853,True,False,0xAAF5,BBBB3DF2D1D30100AAF5,10,17:50:58.773
65.60025863099872,3,23,True,,0xBBBB,0.07056427383422853,True,False,0x97BD,BBBB3D908401010097BD,10,17:50:58.873
65.70026876599877,3,24,True,,0xBBBB,0.02256427383422853,True,False,0x367E,BBBB3CB8D8B60100367E,10,17:50:58.973
65.8009720159971,3,25,True,,0xBBBB,0.07056427383422853,True,False,0x97BD,BBBB3D908401010097BD,10,17:50:59.074
65.90119475000029,3,26,True,,0xBBBB,0.02256427383422853,True,False,0x367E,BBBB3CB8D8B60100367E,10,17:50:59.174
66.0043145469972,3,27,True,,0xBBBB,0.07056427383422853,True,False,0x97BD,BBBB3D908401010097BD,10,17:50:59.277
66.10114461599733,3,28,True,,0xBBBB,0.11856427383422853,True,False,0xAAF5,BBBB3DF2D1D30100AAF5,10,17:50:59.374
66.20233536599699,3,29,True,,0xBBBB,0.07056427383422853,True,False,0x97BD,BBBB3D908401010097BD,10,17:50:59.475
66.30207311399863,3,30,True,,0xBBBB,0.02256427383422853,True,False,0x367E,BBBB3CB8D8B60100367E,10,17:50:59.575
66.40199049699731,3,31,True,,0xBBBB,-0.02543572616577147,True,False,0xBD28,BBBBBCD05E960100BD28,10,17:50:59.675
66.50146368199785,3,32,True,,0xBBBB,-0.07343572616577147,True,False,0xB2CD,BBBBBD9665780100B2CD,10,17:50:59.774
66.60153527699731,3,33,True,,0xBBBB,-0.02543572616577147,True,False,0xBD28,BBBBBCD05E960100BD28,10,17:50:59.874
66.70086067599914,3,34,True,,0xBBBB,0.02256427383422853,True,False,0x367E,BBBB3CB8D8B60100367E,10,17:50:59.974
66.80133372399723,3,35,True,,0xBBBB,0.07056427383422853,True,False,0x97BD,BBBB3D908401010097BD,10,17:51:00.074
66.90172072699715,3,36,True,,0xBBBB,0.02256427383422853,True,False,0x367E,BBBB3CB8D8B60100367E,10,17:51:00.175
67.00212616799763,3,37,True,,0xBBBB,0.07056427383422853,True,False,0x97BD,BBBB3D908401010097BD,10,17:51:00.275
67.10122527699787,3,38,True,,0xBBBB,0.02256427383422853,True,False,0x367E,BBBB3CB8D8B60100367E,10,17:51:00.374
67.20231433499794,3,39,True,,0xBBBB,-0.02543572616577147,True,False,0xBD28,BBBBBCD05E960100BD28,10,17:51:00.475
67.30133494099937,3,40,True,,0xBBBB,0.02256427383422853,True,False,0x367E,BBBB3CB8D8B60100367E,10,17:51:00.574
67.40046170699861,3,41,True,,0xBBBB,0.07056427383422853,True,False,0x97BD,BBBB3D908401010097BD,10,17:51:00.673
67.5004120550002,3,42,True,,0xBBBB,0.03319576382637024,True,False,0x0C00,BBBB3D07F84801000C00,10,17:51:00.773
67.60028781099754,3,43,True,,0xBBBB,-0.014804236173629762,True,False,0xD589,BBBBBC728D780100D589,10,17:51:00.873
67.70226861699848,3,44,True,,0xBBBB,0.03319576382637024,True,False,0x0C00,BBBB3D07F84801000C00,10,17:51:00.975
67.80098331299814,3,45,True,,0xBBBB,0.00759418085217476,True,False,0x47EE,BBBB3BF8D89B010047EE,10,17:51:01.074
67.90105378899898,3,46,True,,0xBBBB,-0.04040581914782524,True,False,0x90DE,BBBBBD258092010090DE,10,17:51:01.174
68.00036158599687,3,47,True,,0xBBBB,0.00759418085217476,True,False,0x47EE,BBBB3BF8D89B010047EE,10,17:51:01.273
68.10083994199886,3,48,True,,0xBBBB,0.05559418085217476,True,False,0x1F37,BBBB3D63B6B901001F37,10,17:51:01.374
68.20065730900023,3,49,True,,0xBBBB,0.010489899665117264,True,False,0x395B,BBBB3C2BDDD40100395B,10,17:51:01.474
68.30060793599841,3,50,True,,0xBBBB,-0.03751010033488274,True,False,0x4774,BBBBBD19A43101004774,10,17:51:01.573
68.40070467300029,3,51,True,,0xBBBB,0.010489899665117264,True,False,0x395B,BBBB3C2BDDD40100395B,10,17:51:01.674
68.5009226559996,3,52,True,,0xBBBB,0.058489899665117265,True,False,0xF08D,BBBB3D6F931B0100F08D,10,17:51:01.774
68.60155103299985,3,53,True,,0xBBBB,0.10648989966511727,True,False,0xC358,BBBB3DDA17600100C358,10,17:51:01.874
68.70061298499786,3,54,True,,0xBBBB,0.058489899665117265,True,False,0xF08D,BBBB3D6F931B0100F08D,10,17:51:01.974
68.80059545899712,3,55,True,,0xBBBB,0.05594093203544617,True,False,0x1BE3,BBBB3D65225201001BE3,10,17:51:02.073
68.90023570499761,3,56,True,,0xBBBB,0.06270390748977661,True,False,0x8898,BBBB3D806AE801008898,10,17:51:02.173
69.00150355900041,3,57,True,,0xBBBB,0.01470390748977661,True,False,0xE0F0,BBBB3C70E8A80100E0F0,10,17:51:02.274
69.10119716500049,3,58,True,,0xBBBB,-0.03329609251022339,True,False,0x9F24,BBBBBD08617C01009F24,10,17:51:02.374
69.20047953899848,3,59,True,,0xBBBB,0.01470390748977661,True,False,0xE0F0,BBBB3C70E8A80100E0F0,10,17:51:02.473
69.2997091119978,3,60,True,,0xBBBB,0.06270390748977661,True,False,0x8898,BBBB3D806AE801008898,10,17:51:02.573
69.40107781799816,3,61,True,,0xBBBB,0.01470390748977661,True,False,0xE0F0,BBBB3C70E8A80100E0F0,10,17:51:02.674
69.5012868599988,3,62,True,,0xBBBB,0.06270390748977661,True,False,0x8898,BBBB3D806AE801008898,10,17:51:02.774
69.60242927699801,3,63,True,,0xBBBB,0.0866535484790802,True,False,0x0843,BBBB3DB1776A01000843,10,17:51:02.875
69.7014414999976,3,64,True,,0xBBBB,0.10980484485626221,True,False,0x8222,BBBB3DE0E15D01008222,10,17:51:02.974
69.80154549999861,3,65,True,,0xBBBB,0.06180484485626221,True,False,0x0022,BBBB3D7D271401000022,10,17:51:03.074
69.90146148299755,3,66,True,,0xBBBB,0.01380484485626221,True,False,0xE945,BBBB3C622DB70100E945,10,17:51:03.174
70.00219154899969,3,67,True,,0xBBBB,0.05608039498329163,True,False,0x690F,BBBB3D65B48E0100690F,10,17:51:03.275
70.10199494699918,3,68,True,,0xBBBB,0.008080394983291626,True,False,0x0D4B,BBBB3C0463A201000D4B,10,17:51:03.375
70.20164022099925,3,69,True,,0xBBBB,-0.039919605016708375,True,False,0xE166,BBBBBD2382BD0100E166,10,17:51:03.475
70.30191435599772,3,70,True,,0xBBBB,-0.06270707249641419,True,False,0x1956,BBBBBD806C9101001956,10,17:51:03.575
70.40165908599738,3,71,True,,0xBBBB,-0.014707072496414189,True,False,0x5959,BBBBBC70F5EF01005959,10,17:51:03.675
70.50071768399721,3,72,True,,0xBBBB,-0.06270707249641419,True,False,0x1956,BBBBBD806C9101001956,10,17:51:03.774
70.60149636099959,3,73,True,,0xBBBB,-0.09723931550979614,True,False,0x7B24,BBBBBDC7256801007B24,10,17:51:03.874
70.70093322499815,3,74,True,,0xBBBB,-0.06652536988258362,True,False,0x97B6,BBBBBD883E74010097B6,10,17:51:03.974
70.80205077699793,3,75,True,,0xBBBB,-0.08969846963882447,True,False,0x1CD8,BBBBBDB7B3D501001CD8,10,17:51:04.075
70.90180556300038,3,76,True,,0xBBBB,-0.04169846963882447,True,False,0x2D7C,BBBBBD2ACC0401002D7C,10,17:51:04.175
71.00059233399952,3,77,True,,0xBBBB,0.0063015303611755336,True,False,0x6525,BBBB3BCE7D1101006525,10,17:51:04.273
71.10058290799861,3,78,True,,0xBBBB,0.029554080963134766,True,False,0x45DA,BBBB3CF21B66010045DA,10,17:51:04.373
71.2010338839973,3,79,True,,0xBBBB,-0.018445919036865235,True,False,0x6578,BBBBBC971BE501006578,10,17:51:04.474
71.30053751699961,3,80,True,,0xBBBB,-0.06644591903686524,True,False,0xAA3E,BBBBBD8814CC0100AA3E,10,17:51:04.573
71.40053898699989,3,81,True,,0xBBBB,-0.11444591903686524,True,False,0x3B2D,BBBBBDEA629F01003B2D,10,17:51:04.673
71.50016498399782,3,82,True,,0xBBBB,-0.06644591903686524,True,False,0xAA3E,BBBBBD8814CC0100AA3E,10,17:51:04.773
71.60220613099955,3,83,True,,0xBBBB,-0.018445919036865238,True,False,0x6578,BBBBBC971BE501006578,10,17:51:04.875
71.70104821699715,3,84,True,,0xBBBB,0.029554080963134763,True,False,0x45DA,BBBB3CF21B66010045DA,10,17:51:04.974
71.80339639099839,3,85,True,,0xBBBB,-0.018445919036865238,True,False,0x6578,BBBBBC971BE501006578,10,17:51:05.076
71.90154591899773,3,86,True,,0xBBBB,0.018761345744132997,True,False,0x542E,BBBB3C99B1650100542E,10,17:51:05.174
72.0019547089978,3,87,True,,0xBBBB,0.066761345744133,True,False,0x7400,BBBB3D88BA2C01007400,10,17:51:05.275
72.10294766099832,3,88,True,,0xBBBB,0.018761345744133004,True,False,0x542E,BBBB3C99B1650100542E,10,17:51:05.376
72.20122206700034,3,89,True,,0xBBBB,-0.029238654255866997,True,False,0x4756,BBBBBCEF85E701004756,10,17:51:05.474
72.30113329999949,3,90,True,,0xBBBB,0.009481868147850035,True,False,0x0D92,BBBB3C1B59D601000D92,10,17:51:05.574
72.40041455399842,3,91,True,,0xBBBB,0.037548142671585086,True,False,0xEC37,BBBB3D19CC150100EC37,10,17:51:05.673
72.50074288599717,3,92,True,,0xBBBB,0.08554814267158509,True,False,0xDC4F,BBBB3DAF33DD0100DC4F,10,17:51:05.774
72.60036664699874,3,93,True,,0xBBBB,0.1222734808921814,True,False,0x9FD0,BBBB3DFA6A8501009FD0,10,17:51:05.873
72.70036783699834,3,94,True,,0xBBBB,0.0742734808921814,True,False,0xD182,BBBB3D981CB20100D182,10,17:51:05.973
72.80021788699742,3,95,True,,0xBBBB,0.09288556575775148,True,False,0x4700,BBBB3DBE3ACA01004700,10,17:51:06.073
72.90005704199939,3,96,True,,0xBBBB,0.044885565757751475,True,False,0x175A,BBBB3D37D9ED0100175A,10,17:51:06.173
73.00205488499705,3,97,True,,0xBBBB,0.09288556575775148,True,False,0x4700,BBBB3DBE3ACA01004700,10,17:51:06.275
73.10090171899719,3,98,True,,0xBBBB,0.044885565757751475,True,False,0x175A,BBBB3D37D9ED0100175A,10,17:51:06.374
73.20148371799951,3,99,True,,0xBBBB,-0.003114434242248526,True,False,0xDCDD,BBBBBB4C1B890100DCDD,10,17:51:06.474
73.30144244199982,3,100,True,,0xBBBB,0.044885565757751475,True,False,0x175A,BBBB3D37D9ED0100175A,10,17:51:06.574
73.40050271499786,3,101,True,,0xBBBB,-0.003114434242248526,True,False,0xDCDD,BBBBBB4C1B890100DCDD,10,17:51:06.673
73.50134312999944,3,102,True,,0xBBBB,0.015084098279476169,True,False,0xF28A,BBBB3C77234B0100F28A,10,17:51:06.774
73.60055565899893,3,103,True,,0xBBBB,0.05223584175109863,True,False,0xAE3A,BBBB3D55F5400100AE3A,10,17:51:06.873
73.70069373899969,3,104,True,,0xBBBB,0.09660248756408692,True,False,0xF610,BBBB3DC5D7860100F610,10,17:51:06.974
73.80053568699805,3,105,True,,0xBBBB,0.048602487564086916,True,False,0xEE05,BBBB3D4713670100EE05,10,17:51:07.073
73.89951997000026,3,106,True,,0xBBBB,0.0006024875640869148,True,False,0x1B7A,BBBB3A1DF04201001B7A,10,17:51:07.172
74.00105154499761,3,107,True,,0xBBBB,-0.047397512435913086,True,False,0x0679,BBBBBD4223E501000679,10,17:51:07.274
74.10145278999698,3,108,True,,0xBBBB,0.0006024875640869148,True,False,0x1B7A,BBBB3A1DF04201001B7A,10,17:51:07.374
74.20078572700004,3,109,True,,0xBBBB,-0.011119725555181504,True,False,0x537A,BBBBBC362F820100537A,10,17:51:07.474
74.3008623450005,3,110,True,,0xBBBB,0.0368802744448185,True,False,0x9063,BBBB3D170FC501009063,10,17:51:07.574
74.40241347600022,3,111,True,,0xBBBB,-0.011119725555181502,True,False,0x537A,BBBBBC362F820100537A,10,17:51:07.675
74.50141452099706,3,112,True,,0xBBBB,0.0368802744448185,True,False,0x9063,BBBB3D170FC501009063,10,17:51:07.774
74.6020847999971,3,113,True,,0xBBBB,-0.011119725555181502,True,False,0x537A,BBBBBC362F820100537A,10,17:51:07.875
74.70276066599763,3,114,True,,0xBBBB,-0.0591197255551815,True,False,0x2CC8,BBBBBD72278601002CC8,10,17:51:07.976
74.80143177499849,3,115,True,,0xBBBB,-0.011119725555181502,True,False,0x537A,BBBBBC362F820100537A,10,17:51:08.074
74.90175339899724,3,116,True,,0xBBBB,0.0024222321808338165,True,False,0xE788,BBBB3B1EBE500100E788,10,17:51:08.175
75.00187080499745,3,117,True,,0xBBBB,0.05042223218083382,True,False,0x2A34,BBBB3D4E878B01002A34,10,17:51:08.275
75.1003611619999,3,118,True,,0xBBBB,0.0024222321808338165,True,False,0xE788,BBBB3B1EBE500100E788,10,17:51:08.373
75.20178406099876,3,119,True,,0xBBBB,-0.045577767819166184,True,False,0x97B3,BBBBBD3AAFC1010097B3,10,17:51:08.475
75.30134887399981,3,120,True,,0xBBBB,-0.09357776781916619,True,False,0x8ADD,BBBBBDBFA5B301008ADD,10,17:51:08.574
75.40177163000044,3,121,True,,0xBBBB,-0.045577767819166184,True,False,0x97B3,BBBBBD3AAFC1010097B3,10,17:51:08.675
75.50177589099985,3,122,True,,0xBBBB,0.0024222321808338165,True,False,0xE788,BBBB3B1EBE500100E788,10,17:51:08.775
75.60073251599897,3,123,True,,0xBBBB,-0.045577767819166184,True,False,0x97B3,BBBBBD3AAFC1010097B3,10,17:51:08.874
75.70070800099711,3,124,True,,0xBBBB,-0.09357776781916619,True,False,0x8ADD,BBBBBDBFA5B301008ADD,10,17:51:08.974
75.80083462499897,3,125,True,,0xBBBB,-0.045577767819166184,True,False,0x97B3,BBBBBD3AAFC1010097B3,10,17:51:09.074
75.90065645699724,3,126,True,,0xBBBB,-0.09357776781916619,True,False,0x8ADD,BBBBBDBFA5B301008ADD,10,17:51:09.174
76.00028720000046,3,127,True,,0xBBBB,-0.045577767819166184,True,False,0x97B3,BBBBBD3AAFC1010097B3,10,17:51:09.273
76.10067615200023,3,128,True,,0xBBBB,0.0024222321808338165,True,False,0xE788,BBBB3B1EBE500100E788,10,17:51:09.374
76.20116176599913,3,129,True,,0xBBBB,0.04529721438884735,True,False,0x0E13,BBBB3D39899201000E13,10,17:51:09.474
76.30150434299867,3,130,True,,0xBBBB,0.03557795584201813,True,False,0x6E8C,BBBB3D11BA3101006E8C,10,17:51:09.574
76.40109960599875,3,131,True,,0xBBBB,-0.01242204415798187,True,False,0x91D7,BBBBBC4B85D4010091D7,10,17:51:09.674
76.50142318500002,3,132,True,,0xBBBB,0.022608767449855807,True,False,0x3977,BBBB3CB9360601003977,10,17:51:09.774
76.60107292499742,3,133,True,,0xBBBB,0.049296614527702336,True,False,0x9CDC,BBBB3D49EB3F01009CDC,10,17:51:09.874
76.70097102499858,3,134,True,,0xBBBB,0.09729661452770233,True,False,0x3455,BBBB3DC7437301003455,10,17:51:09.974
76.80174131599779,3,135,True,,0xBBBB,0.06893306374549867,True,False,0xC891,BBBB3D8D2CC70100C891,10,17:51:10.075
76.90133518099901,3,136,True,,0xBBBB,0.04077830612659455,True,False,0xC281,BBBB3D2707270100C281,10,17:51:10.174
77.00048903999777,3,137,True,,0xBBBB,0.08877830612659454,True,False,0x8301,BBBB3DB5D16701008301,10,17:51:10.273
77.10186276899913,3,138,True,,0xBBBB,0.13677830612659453,True,False,0x7286,BBBB3E0C0F9D01007286,10,17:51:10.375
77.20147870499932,3,139,True,,0xBBBB,0.08877830612659453,True,False,0x8301,BBBB3DB5D16701008301,10,17:51:10.474
77.30102787099895,3,140,True,,0xBBBB,0.04077830612659453,True,False,0xC281,BBBB3D2707270100C281,10,17:51:10.574
77.40117768199707,3,141,True,,0xBBBB,-0.007221693873405474,True,False,0xBD48,BBBBBBECA3F60100BD48,10,17:51:10.674
77.50112467099825,3,142,True,,0xBBBB,-0.055221693873405475,True,False,0x79FC,BBBBBD623025010079FC,10,17:51:10.774
77.60247940299814,3,143,True,,0xBBBB,-0.10322169387340548,True,False,0x9391,BBBBBDD365E501009391,10,17:51:10.875
77.70138266699723,3,144,True,,0xBBBB,-0.055221693873405475,True,False,0x79FC,BBBBBD623025010079FC,10,17:51:10.974
77.80164841499936,3,145,True,,0xBBBB,-0.007221693873405474,True,False,0xBD48,BBBBBBECA3F60100BD48,10,17:51:11.075
77.90165574699859,3,146,True,,0xBBBB,-0.0011729940772056578,True,False,0xCEC2,BBBBBA99BF260100CEC2,10,17:51:11.175
78.00095683299878,3,147,True,,0xBBBB,-0.013161523640155794,True,False,0xFE2C,BBBBBC57A36E0100FE2C,10,17:51:11.274
78.102292845997,3,148,True,,0xBBBB,-0.051620340347290045,True,False,0x99A3,BBBBBD536FDA010099A3,10,17:51:11.375
78.20097931899727,3,149,True,,0xBBBB,-0.0036203403472900436,True,False,0x9CD2,BBBBBB6D433B01009CD2,10,17:51:11.474
78.30277154299984,3,150,True,,0xBBBB,-0.051620340347290045,True,False,0x99A3,BBBBBD536FDA010099A3,10,17:51:11.576
78.40109790799761,3,151,True,,0xBBBB,-0.0036203403472900436,True,False,0x9CD2,BBBBBB6D433B01009CD2,10,17:51:11.674
78.50316586999907,3,152,True,,0xBBBB,0.04437965965270996,True,False,0xD115,BBBB3D35C7720100D115,10,17:51:11.776
78.6010424499982,3,153,True,,0xBBBB,0.09237965965270996,True,False,0xB6A7,BBBB3DBD318C0100B6A7,10,17:51:11.874
78.70110537599976,3,154,True,,0xBBBB,0.14037965965270996,True,False,0x7D45,BBBB3E0FBFAF01007D45,10,17:51:11.974
78.80193153899745,3,155,True,,0xBBBB,0.18837965965270997,True,False,0x21E2,BBBB3E40E699010021E2,10,17:51:12.075
78.90086916399741,3,156,True,,0xBBBB,0.14037965965271,True,False,0x7D45,BBBB3E0FBFAF01007D45,10,17:51:12.174
79.00119385899961,3,157,True,,0xBBBB,0.09720849990844727,True,False,0xB3B4,BBBB3DC715400100B3B4,10,17:51:12.274
79.10381664899978,3,158,True,,0xBBBB,0.049208499908447265,True,False,0xA7D3,BBBB3D498EDA0100A7D3,10,17:51:12.377
79.20033297699774,3,159,True,,0xBBBB,0.09720849990844727,True,False,0xB3B4,BBBB3DC715400100B3B4,10,17:51:12.473
79.30146337399856,3,160,True,,0xBBBB,0.1085639238357544,True,False,0x1D4D,BBBB3DDE56C301001D4D,10,17:51:12.574
79.40132208099749,3,161,True,,0xBBBB,0.1294824719429016,True,False,0xFEB8,BBBB3E04970E0100FEB8,10,17:51:12.674
79.50206666799932,3,162,True,,0xBBBB,0.0814824719429016,True,False,0x75BB,BBBB3DA6E048010075BB,10,17:51:12.775
79.60106268099844,3,163,True,,0xBBBB,0.12661263942718506,True,False,0xE57B,BBBB3E01A6BE0100E57B,10,17:51:12.874
79.70244367299892,3,164,True,,0xBBBB,0.07861263942718506,True,False,0x9794,BBBB3DA0FFAA01009794,10,17:51:12.975
79.80250073099887,3,165,True,,0xBBBB,0.030612639427185062,True,False,0x1920,BBBB3CFAC75C01001920,10,17:51:13.075
79.90106260399989,3,166,True,,0xBBBB,-0.01738736057281494,True,False,0x936F,BBBBBC8E6FF00100936F,10,17:51:13.174
80.00294813599976,3,167,True,,0xBBBB,0.030612639427185062,True,False,0x1920,BBBB3CFAC75C01001920,10,17:51:13.276
80.10120717099926,3,168,True,,0xBBBB,0.07861263942718506,True,False,0x9794,BBBB3DA0FFAA01009794,10,17:51:13.374
80.2008163999999,3,169,True,,0xBBBB,0.030612639427185062,True,False,0x1920,BBBB3CFAC75C01001920,10,17:51:13.474
80.30153779899774,3,170,True,,0xBBBB,0.035745379328727726,True,False,0xC190,BBBB3D1269BF0100C190,10,17:51:13.574
80.39983035899786,3,171,True,,0xBBBB,-0.007311371713876726,True,False,0x3693,BBBBBBEF943B01003693,10,17:51:13.673
80.50050510399888,3,172,True,,0xBBBB,-0.05531137171387673,True,False,0x9359,BBBBBD628E2D01009359,10,17:51:13.773
80.60304743400047,3,173,True,,0xBBBB,-0.007311371713876726,True,False,0x3693,BBBBBBEF943B01003693,10,17:51:13.876
80.70024737899803,3,174,True,,0xBBBB,0.040688628286123275,True,False,0xE74C,BBBB3D26A91E0100E74C,10,17:51:13.973
80.80070197999885,3,175,True,,0xBBBB,0.08868862828612328,True,False,0x060B,BBBB3DB5A2620100060B,10,17:51:14.074
80.90261712499705,3,176,True,,0xBBBB,0.0590266227722168,True,False,0x8AA5,BBBB3D71C5E601008AA5,10,17:51:14.176
81.00158519899924,3,177,True,,0xBBBB,0.011026622772216797,True,False,0xF334,BBBB3C34A9020100F334,10,17:51:14.274
81.1005342770004,3,178,True,,0xBBBB,0.0590266227722168,True,False,0x8AA5,BBBB3D71C5E601008AA5,10,17:51:14.373
81.20195912800045,3,179,True,,0xBBBB,0.011026622772216797,True,False,0xF334,BBBB3C34A9020100F334,10,17:51:14.475
81.30228661599904,3,180,True,,0xBBBB,-0.036973377227783204,True,False,0x5A64,BBBBBD17716501005A64,10,17:51:14.575
81.40137928900003,3,181,True,,0xBBBB,0.011026622772216797,True,False,0xF334,BBBB3C34A9020100F334,10,17:51:14.674
81.50168805899739,3,182,True,,0xBBBB,0.0590266227722168,True,False,0x8AA5,BBBB3D71C5E601008AA5,10,17:51:14.775
81.60100422799951,3,183,True,,0xBBBB,0.011026622772216797,True,False,0xF334,BBBB3C34A9020100F334,10,17:51:14.874
81.70033436599988,3,184,True,,0xBBBB,0.0590266227722168,True,False,0x8AA5,BBBB3D71C5E601008AA5,10,17:51:14.973
81.80002628699731,3,185,True,,0xBBBB,0.04820770919322968,True,False,0x6273,BBBB3D45757201006273,10,17:51:15.073
81.90130446900002,3,186,True,,0xBBBB,0.09620770919322968,True,False,0x200B,BBBB3DC5088C0100200B,10,17:51:15.174
82.0010989179973,3,187,True,,0xBBBB,0.048207709193229684,True,False,0x6273,BBBB3D45757201006273,10,17:51:15.274
82.1028285609973,3,188,True,,0xBBBB,0.00020770919322968262,True,False,0x8BD7,BBBB3959CC8301008BD7,10,17:51:15.376
82.20106105499872,3,189,True,,0xBBBB,0.048207709193229684,True,False,0x6273,BBBB3D45757201006273,10,17:51:15.474
82.30152235999776,3,190,True,,0xBBBB,0.010946746170520785,True,False,0x0262,BBBB3C3359FB01000262,10,17:51:15.574
82.40178670899695,3,191,True,,0xBBBB,-0.037053253829479216,True,False,0xBEE3,BBBBBD17C5270100BEE3,10,17:51:15.675
82.50115232600001,3,192,True,,0xBBBB,0.010946746170520785,True,False,0x0262,BBBB3C3359FB01000262,10,17:51:15.774
82.60170889599976,3,193,True,,0xBBBB,0.01980244368314743,True,False,0x3630,BBBB3CA238BC01003630,10,17:51:15.875
82.70109993599908,3,194,True,,0xBBBB,-0.02819755631685257,True,False,0xB822,BBBBBCE6FE900100B822,10,17:51:15.974
82.80080023699702,3,195,True,,0xBBBB,0.01980244368314743,True,False,0x3630,BBBB3CA238BC01003630,10,17:51:16.074
82.90286847499738,3,196,True,,0xBBBB,-0.02819755631685257,True,False,0xB822,BBBBBCE6FE900100B822,10,17:51:16.176
83.0016328879974,3,197,True,,0xBBBB,0.01980244368314743,True,False,0x3630,BBBB3CA238BC01003630,10,17:51:16.275
83.10024197199891,3,198,True,,0xBBBB,0.04909113943576813,True,False,0xCEFD,BBBB3D4913CA0100CEFD,10,17:51:16.373
83.200727301999,3,199,True,,0xBBBB,0.09709113943576814,True,False,0x3A35,BBBB3DC6D7B801003A35,10,17:51:16.474
83.3006058409992,3,200,True,,0xBBBB,0.14509113943576812,True,False,0x0FF8,BBBB3E1492C601000FF8,10,17:51:16.573
83.40075397100009,3,201,True,,0xBBBB,0.09709113943576812,True,False,0x3A35,BBBB3DC6D7B801003A35,10,17:51:16.674
83.50274147199889,3,202,True,,0xBBBB,0.14509113943576812,True,False,0x0FF8,BBBB3E1492C601000FF8,10,17:51:16.776
83.60177463799846,3,203,True,,0xBBBB,0.09709113943576812,True,False,0x3A35,BBBB3DC6D7B801003A35,10,17:51:16.875
83.70147940899915,3,204,True,,0xBBBB,0.14509113943576812,True,False,0x0FF8,BBBB3E1492C601000FF8,10,17:51:16.974
83.80182756799695,3,205,True,,0xBBBB,0.09709113943576812,True,False,0x3A35,BBBB3DC6D7B801003A35,10,17:51:17.075
83.90079284799867,3,206,True,,0xBBBB,0.04909113943576812,True,False,0xCEFD,BBBB3D4913CA0100CEFD,10,17:51:17.174
84.00194754599943,3,207,True,,0xBBBB,0.0010911394357681209,True,False,0xCF51,BBBB3A8F04900100CF51,10,17:51:17.275
84.1009614359973,3,208,True,,0xBBBB,-0.04690886056423188,True,False,0x1941,BBBBBD40238101001941,10,17:51:17.374
84.2013928469969,3,209,True,,0xBBBB,-0.09490886056423188,True,False,0x5331,BBBBBDC25F9401005331,10,17:51:17.474
84.30112695099888,3,210,True,,0xBBBB,-0.04690886056423188,True,False,0x1941,BBBBBD40238101001941,10,17:51:17.574
84.40149606199702,3,211,True,,0xBBBB,0.0010911394357681209,True,False,0xCF51,BBBB3A8F04900100CF51,10,17:51:17.674
84.50144528099918,3,212,True,,0xBBBB,0.04909113943576812,True,False,0xCEFD,BBBB3D4913CA0100CEFD,10,17:51:17.774
84.60150289599915,3,213,True,,0xBBBB,0.09709113943576812,True,False,0x3A35,BBBB3DC6D7B801003A35,10,17:51:17.874
84.70135209999717,3,214,True,,0xBBBB,0.12622843980789186,True,False,0xF09C,BBBB3E0142070100F09C,10,17:51:17.974
84.80085823799891,3,215,True,,0xBBBB,0.07822843980789186,True,False,0xE6FA,BBBB3DA0363B0100E6FA,10,17:51:18.074
84.90120136800033,3,216,True,,0xBBBB,0.03022843980789186,True,False,0xA072,BBBB3CF7A1A20100A072,10,17:51:18.174
85.00113801399857,3,217,True,,0xBBBB,0.06831546425819397,True,False,0x34B5,BBBB3D8BE8FA010034B5,10,17:51:18.274
85.10079612999834,3,218,True,,0xBBBB,0.11331865787506104,True,False,0xC7F1,BBBB3DE8139D0100C7F1,10,17:51:18.374
85.20166112099832,3,219,True,,0xBBBB,0.1251286268234253,True,False,0x908E,BBBB3E0021B80100908E,10,17:51:18.475
85.30095074799829,3,220,True,,0xBBBB,0.07712862682342529,True,False,0x444B,BBBB3D9DF59D0100444B,10,17:51:18.574
85.40076838299865,3,221,True,,0xBBBB,0.1251286268234253,True,False,0x908E,BBBB3E0021B80100908E,10,17:51:18.674
85.5003723009977,3,222,True,,0xBBBB,0.11199004650115968,True,False,0x4A7A,BBBB3DE55B0A01004A7A,10,17:51:18.773
85.60079700599817,3,223,True,,0xBBBB,0.06399004650115968,True,False,0x06F2,BBBB3D830D37010006F2,10,17:51:18.874
85.70131725600004,3,224,True,,0xBBBB,0.05586512684822083,True,False,0xF25D,BBBB3D64D2D50100F25D,10,17:51:18.974
85.80138157399779,3,225,True,,0xBBBB,0.007865126848220827,True,False,0x1FFF,BBBB3C00DCBC01001FFF,10,17:51:19.074
85.90187975200024,3,226,True,,0xBBBB,-0.040134873151779174,True,False,0x57C4,BBBBBD246477010057C4,10,17:51:19.175
86.00098527400041,3,227,True,,0xBBBB,0.007865126848220827,True,False,0x1FFF,BBBB3C00DCBC01001FFF,10,17:51:19.274
86.1004609599986,3,228,True,,0xBBBB,0.03600869774818421,True,False,0x2EE9,BBBB3D137DDB01002EE9,10,17:51:19.373
86.20134550699731,3,229,True,,0xBBBB,-0.011991302251815793,True,False,0x1881,BBBBBC44772B01001881,10,17:51:19.474
86.301477711997,3,230,True,,0xBBBB,-0.059991302251815794,True,False,0xF6E3,BBBBBD75B9710100F6E3,10,17:51:19.574
86.40007897099713,3,231,True,,0xBBBB,-0.018342413008213043,True,False,0xF606,BBBBBC9642D40100F606,10,17:51:19.673
86.50097720699705,3,232,True,,0xBBBB,-0.06634241300821304,True,False,0x6615,BBBBBD87DE8801006615,10,17:51:19.774
86.60147845899701,3,233,True,,0xBBBB,-0.08021799325942994,True,False,0xEF6C,BBBBBDA449550100EF6C,10,17:51:19.874
86.70104996900045,3,234,True,,0xBBBB,-0.032217993259429936,True,False,0xCF2C,BBBBBD03F7040100CF2C,10,17:51:19.974
86.80183226599911,3,235,True,,0xBBBB,0.015782006740570065,True,False,0x3C6F,BBBB3C81494401003C6F,10,17:51:20.075
86.901929828,3,236,True,,0xBBBB,0.06378200674057007,True,False,0xAF1E,BBBB3D82A0240100AF1E,10,17:51:20.175
87.00248779100002,3,237,True,,0xBBBB,0.015782006740570065,True,False,0x3C6F,BBBB3C81494401003C6F,10,17:51:20.275
87.10235403600018,3,238,True,,0xBBBB,0.06378200674057007,True,False,0xAF1E,BBBB3D82A0240100AF1E,10,17:51:20.375
87.20064770799945,3,239,True,,0xBBBB,0.016356012225151068,True,False,0xDB88,BBBB3C85FD0B0100DB88,10,17:51:20.474
87.30112940399704,3,240,True,,0xBBBB,-0.03164398777484893,True,False,0xDC08,BBBBBD019D200100DC08,10,17:51:20.574
87.40222543299751,3,241,True,,0xBBBB,0.016356012225151068,True,False,0xDB88,BBBB3C85FD0B0100DB88,10,17:51:20.675
87.50122954199833,3,242,True,,0xBBBB,-0.03164398777484893,True,False,0xDC08,BBBBBD019D200100DC08,10,17:51:20.774
87.60093570800018,3,243,True,,0xBBBB,0.016356012225151068,True,False,0xDB88,BBBB3C85FD0B0100DB88,10,17:51:20.874
87.70129727399762,3,244,True,,0xBBBB,-0.03164398777484893,True,False,0xDC08,BBBBBD019D200100DC08,10,17:51:20.974
87.80148311700032,3,245,True,,0xBBBB,0.016356012225151068,True,False,0xDB88,BBBB3C85FD0B0100DB88,10,17:51:21.074
87.90192988999843,3,246,True,,0xBBBB,0.010536164045333862,True,False,0x4FBB,BBBB3C2C9FE001004FBB,10,17:51:21.175
88.00169528100014,3,247,True,,0xBBBB,-0.03746383595466614,True,False,0xDD7D,BBBBBD1973AE0100DD7D,10,17:51:21.275
88.10081225599788,3,248,True,,0xBBBB,0.010536164045333862,True,False,0x4FBB,BBBB3C2C9FE001004FBB,10,17:51:21.374
88.19982614299806,3,249,True,,0xBBBB,0.05853616404533386,True,False,0x198D,BBBB3D6FC39E0100198D,10,17:51:21.473
88.30039136899723,3,250,True,,0xBBBB,0.05725203156471253,True,False,0x8844,BBBB3D6A811B01008844,10,17:51:21.573
88.40019000499888,3,251,True,,0xBBBB,0.009252031564712528,True,False,0x5C4D,BBBB3C1795D501005C4D,10,17:51:21.673
88.5005264270003,3,252,True,,0xBBBB,-0.03874796843528747,True,False,0xFFC4,BBBBBD1EB6310100FFC4,10,17:51:21.773
88.59989315799976,3,253,True,,0xBBBB,0.009252031564712528,True,False,0x5C4D,BBBB3C1795D501005C4D,10,17:51:21.873
88.70096264599852,3,254,True,,0xBBBB,-0.03874796843528747,True,False,0xFFC4,BBBBBD1EB6310100FFC4,10,17:51:21.974
88.80218439099917,3,255,True,,0xBBBB,0.009252031564712528,True,False,0x5C4D,BBBB3C1795D501005C4D,10,17:51:22.075
88.90239034699698,3,256,True,,0xBBBB,0.029827708005905153,True,False,0xEE37,BBBB3CF4593D0100EE37,10,17:51:22.175
89.0010335099978,3,257,True,,0xBBBB,0.07782770800590516,True,False,0x9C2F,BBBB3D9F642201009C2F,10,17:51:22.274
89.10088578399882,3,258,True,,0xBBBB,0.02982770800590516,True,False,0xEE37,BBBB3CF4593D0100EE37,10,17:51:22.374
89.20093389599788,3,259,True,,0xBBBB,0.07782770800590516,True,False,0x9C2F,BBBB3D9F642201009C2F,10,17:51:22.474
89.30169300399939,3,260,True,,0xBBBB,0.02982770800590516,True,False,0xEE37,BBBB3CF4593D0100EE37,10,17:51:22.575
89.40144721999968,3,261,True,,0xBBBB,0.06142503619194031,True,False,0xE96F,BBBB3D7B98D20100E96F,10,17:51:22.674
89.50106510299884,3,262,True,,0xBBBB,0.10942503619194031,True,False,0x7842,BBBB3DE01A3C01007842,10,17:51:22.774
89.60129704099745,3,263,True,,0xBBBB,0.15742503619194032,True,False,0x7F07,BBBB3E21340701007F07,10,17:51:22.874
89.70173934400009,3,264,True,,0xBBBB,0.12200757265090943,True,False,0x7DD3,BBBB3DF9DF1B01007DD3,10,17:51:22.975
89.8008476569994,3,265,True,,0xBBBB,0.07400757265090943,True,False,0x8DDD,BBBB3D97914801008DDD,10,17:51:23.074
89.90013727999758,3,266,True,,0xBBBB,0.11466178894042969,True,False,0x16B4,BBBB3DEAD3CD010016B4,10,17:51:23.173
90.0005952270003,3,267,True,,0xBBBB,0.1626617889404297,True,False,0xB721,BBBB3E2690D00100B721,10,17:51:23.273
90.10195888999806,3,268,True,,0xBBBB,0.1146617889404297,True,False,0x16B4,BBBB3DEAD3CD010016B4,10,17:51:23.375
90.20123929399779,3,269,True,,0xBBBB,0.0666617889404297,True,False,0x98ED,BBBB3D8885FA010098ED,10,17:51:23.474
90.30107871699875,3,270,True,,0xBBBB,0.018661788940429705,True,False,0x59D3,BBBB3C98E09C010059D3,10,17:51:23.574
90.4014386050003,3,271,True,,0xBBBB,0.023614618182182315,True,False,0x2582,BBBB3CC1737201002582,10,17:51:23.674
90.500752533997,3,272,True,,0xBBBB,0.07161461818218232,True,False,0x9EAC,BBBB3D92AAAF01009EAC,10,17:51:23.774
90.60134318099881,3,273,True,,0xBBBB,0.11961461818218232,True,False,0x2724,BBBB3DF4F88201002724,10,17:51:23.874
90.70037159399726,3,274,True,,0xBBBB,0.07161461818218232,True,False,0x9EAC,BBBB3D92AAAF01009EAC,10,17:51:23.973
90.80004898199695,3,275,True,,0xBBBB,0.023614618182182315,True,False,0x2582,BBBB3CC1737201002582,10,17:51:24.073
90.90108773799875,3,276,True,,0xBBBB,-0.024385381817817686,True,False,0xC5B2,BBBBBCC7C3DA0100C5B2,10,17:51:24.174
91.0013738719972,3,277,True,,0xBBBB,-0.07238538181781769,True,False,0x71F7,BBBBBD943EC9010071F7,10,17:51:24.274
91.10015811499761,3,278,True,,0xBBBB,-0.024385381817817686,True,False,0xC5B2,BBBBBCC7C3DA0100C5B2,10,17:51:24.373
91.20203581699752,3,279,True,,0xBBBB,0.023614618182182315,True,False,0x2582,BBBB3CC1737201002582,10,17:51:24.475
91.30310278899924,3,280,True,,0xBBBB,0.007219228893518448,True,False,0xC93F,BBBB3BEC8F480100C93F,10,17:51:24.576
91.4023412869974,3,281,True,,0xBBBB,-0.04078077110648155,True,False,0xC5BC,BBBBBD2709BD0100C5BC,10,17:51:24.675
91.50089449199731,3,282,True,,0xBBBB,0.007219228893518448,True,False,0xC93F,BBBB3BEC8F480100C93F,10,17:51:24.774
91.60218747399995,3,283,True,,0xBBBB,0.05521922889351845,True,False,0xF5C5,BBBB3D622D8F0100F5C5,10,17:51:24.875
91.70265016899793,3,284,True,,0xBBBB,0.10321922889351845,True,False,0x77BE,BBBB3DD3649A010077BE,10,17:51:24.976
91.80102206299853,3,285,True,,0xBBBB,0.15121922889351846,True,False,0xD9D7,BBBB3E1AD9370100D9D7,10,17:51:25.074
91.9021314979982,3,286,True,,0xBBBB,0.10321922889351846,True,False,0x77BE,BBBB3DD3649A010077BE,10,17:51:25.175
92.0001793219999,3,287,True,,0xBBBB,0.15121922889351846,True,False,0xD9D7,BBBB3E1AD9370100D9D7,10,17:51:25.273
92.1019522610004,3,288,True,,0xBBBB,0.10321922889351846,True,False,0x77BE,BBBB3DD3649A010077BE,10,17:51:25.375
92.20152544299708,3,289,True,,0xBBBB,0.1445428729057312,True,False,0xCDF4,BBBB3E14030C0100CDF4,10,17:51:25.474
92.30173530799948,3,290,True,,0xBBBB,0.0965428729057312,True,False,0xDEFD,BBBB3DC5B8450100DEFD,10,17:51:25.575
92.40397255899734,3,291,True,,0xBBBB,0.0485428729057312,True,False,0xB2F4,BBBB3D46D4E40100B2F4,10,17:51:25.677
92.50179521099926,3,292,True,,0xBBBB,0.0005428729057311982,True,False,0x349A,BBBB3A0E4F960100349A,10,17:51:25.775
92.60186734699892,3,293,True,,0xBBBB,-0.0474571270942688,True,False,0x11FD,BBBBBD426268010011FD,10,17:51:25.875
92.70190372399884,3,294,True,,0xBBBB,-0.0954571270942688,True,False,0x7EF7,BBBBBDC37F0701007EF7,10,17:51:25.975
92.80130816699966,3,295,True,,0xBBBB,-0.1434571270942688,True,False,0xDF05,BBBBBE12E66D0100DF05,10,17:51:26.074
92.90154680699925,3,296,True,,0xBBBB,-0.0954571270942688,True,False,0x7EF7,BBBBBDC37F0701007EF7,10,17:51:26.174
93.00043832699885,3,297,True,,0xBBBB,-0.0474571270942688,True,False,0x11FD,BBBBBD426268010011FD,10,17:51:26.273
93.1017681839985,3,298,True,,0xBBBB,-0.0954571270942688,True,False,0x7EF7,BBBBBDC37F0701007EF7,10,17:51:26.375
93.20231329200033,3,299,True,,0xBBBB,-0.0474571270942688,True,False,0x11FD,BBBBBD426268010011FD,10,17:51:26.475
93.30081620899728,3,300,True,,0xBBBB,0.0,True,True,0x97C1,BBBB00000000010197C1,10,17:51:26.574
93.3009997549998,3,1001,True,,0xBBBB,0.0,True,True,0x97C1,BBBB00000000010197C1,10,17:51:26.574
93.31120540499978,3,1002,True,,0xBBBB,0.0,True,True,0x97C1,BBBB00000000010197C1,10,17:51:26.584
93.32138451399805,3,1003,True,,0xBBBB,0.0,True,True,0x97C1,BBBB00000000010197C1,10,17:51:26.594
93.33163877399784,3,1004,True,,0xBBBB,0.0,True,True,0x97C1,BBBB00000000010197C1,10,17:51:26.605
93.34180614999786,3,1005,True,,0xBBBB,0.0,True,True,0x97C1,BBBB00000000010197C1,10,17:51:26.615
93.3519508979989,3,1006,True,,0xBBBB,0.0,True,True,0x97C1,BBBB00000000010197C1,10,17:51:26.625
93.3621118480005,3,1007,True,,0xBBBB,0.0,True,True,0x97C1,BBBB00000000010197C1,10,17:51:26.635
93.37234236199947,3,1008,True,,0xBBBB,0.0,True,True,0x97C1,BBBB00000000010197C1,10,17:51:26.645
93.38262176499848,3,1009,True,,0xBBBB,0.0,True,True,0x97C1,BBBB00000000010197C1,10,17:51:26.656
93.39286568899843,3,1010,True,,0xBBBB,0.0,True,True,0x97C1,BBBB00000000010197C1,10,17:51:26.666
93.40309787799924,3,1011,True,,0xBBBB,0.0,True,True,0x97C1,BBBB00000000010197C1,10,17:51:26.676
93.41323927299891,3,1012,True,,0xBBBB,0.0,True,True,0x97C1,BBBB00000000010197C1,10,17:51:26.686
93.42343151299792,3,1013,True,,0xBBBB,0.0,True,True,0x97C1,BBBB00000000010197C1,10,17:51:26.696
93.43372237099902,3,1014,True,,0xBBBB,0.0,True,True,0x97C1,BBBB00000000010197C1,10,17:51:26.707
93.44395875099872,3,1015,True,,0xBBBB,0.0,True,True,0x97C1,BBBB00000000010197C1,10,17:51:26.717
93.45419317599954,3,1016,True,,0xBBBB,0.0,True,True,0x97C1,BBBB00000000010197C1,10,17:51:26.727
93.46442899799877,3,1017,True,,0xBBBB,0.0,True,True,0x97C1,BBBB00000000010197C1,10,17:51:26.737
93.47469024199745,3,1018,True,,0xBBBB,0.0,True,True,0x97C1,BBBB00000000010197C1,10,17:51:26.748
93.48492578399964,3,1019,True,,0xBBBB,0.0,True,True,0x97C1,BBBB00000000010197C1,10,17:51:26.758
93.49513283099805,3,1020,True,,0xBBBB,0.0,True,True,0x97C1,BBBB00000000010197C1,10,17:51:26.768
93.50528065099934,3,1021,True,,0xBBBB,0.0,True,True,0x97C1,BBBB00000000010197C1,10,17:51:26.778
93.51547149399994,3,1022,True,,0xBBBB,0.0,True,True,0x97C1,BBBB00000000010197C1,10,17:51:26.788
93.52567043899762,3,1023,True,,0xBBBB,0.0,True,True,0x97C1,BBBB00000000010197C1,10,17:51:26.799
93.53590262899888,3,1024,True,,0xBBBB,0.0,True,True,0x97C1,BBBB00000000010197C1,10,17:51:26.809
93.54607251999914,3,1025,True,,0xBBBB,0.0,True,True,0x97C1,BBBB00000000010197C1,10,17:51:26.819
93.55630442999973,3,1026,True,,0xBBBB,0.0,True,True,0x97C1,BBBB00000000010197C1,10,17:51:26.829
93.56646593899859,3,1027,True,,0xBBBB,0.0,True,True,0x97C1,BBBB00000000010197C1,10,17:51:26.839
93.57673137399979,3,1028,True,,0xBBBB,0.0,True,True,0x97C1,BBBB00000000010197C1,10,17:51:26.850
93.58696160899854,3,1029,True,,0xBBBB,0.0,True,True,0x97C1,BBBB00000000010197C1,10,17:51:26.860
93.59712116199807,3,1030,True,,0xBBBB,0.0,True,True,0x97C1,BBBB00000000010197C1,10,17:51:26.870
93.60734469199815,3,1031,True,,0xBBBB,0.0,True,True,0x97C1,BBBB00000000010197C1,10,17:51:26.880
93.6176154349996,3,1032,True,,0xBBBB,0.0,True,True,0x97C1,BBBB00000000010197C1,10,17:51:26.891
93.6278587989982,3,1033,True,,0xBBBB,0.0,True,True,0x97C1,BBBB00000000010197C1,10,17:51:26.901
93.63812535199759,3,1034,True,,0xBBBB,0.0,True,True,0x97C1,BBBB00000000010197C1,10,17:51:26.911
93.6482851849978,3,1035,True,,0xBBBB,0.0,True,True,0x97C1,BBBB00000000010197C1,10,17:51:26.921
93.65842238899859,3,1036,True,,0xBBBB,0.0,True,True,0x97C1,BBBB00000000010197C1,10,17:51:26.931
93.66855260900047,3,1037,True,,0xBBBB,0.0,True,True,0x97C1,BBBB00000000010197C1,10,17:51:26.941
93.67869847399925,3,1038,True,,0xBBBB,0.0,True,True,0x97C1,BBBB00000000010197C1,10,17:51:26.952
93.68889630099875,3,1039,True,,0xBBBB,0.0,True,True,0x97C1,BBBB00000000010197C1,10,17:51:26.962
93.69912681499773,3,1040,True,,0xBBBB,0.0,True,True,0x97C1,BBBB00000000010197C1,10,17:51:26.972
93.70929419099775,3,1041,True,,0xBBBB,0.0,True,True,0x97C1,BBBB00000000010197C1,10,17:51:26.982
93.7194858719995,3,1042,True,,0xBBBB,0.0,True,True,0x97C1,BBBB00000000010197C1,10,17:51:26.992
93.72970688699934,3,1043,True,,0xBBBB,0.0,True,True,0x97C1,BBBB00000000010197C1,10,17:51:27.003
93.73989437799901,3,1044,True,,0xBBBB,0.0,True,True,0x97C1,BBBB00000000010197C1,10,17:51:27.013
93.75005756399696,3,1045,True,,0xBBBB,0.0,True,True,0x97C1,BBBB00000000010197C1,10,17:51:27.023
93.76022354299857,3,1046,True,,0xBBBB,0.0,True,True,0x97C1,BBBB00000000010197C1,10,17:51:27.033
93.7703716420001,3,1047,True,,0xBBBB,0.0,True,True,0x97C1,BBBB00000000010197C1,10,17:51:27.043
93.78051219899862,3,1048,True,,0xBBBB,0.0,True,True,0x97C1,BBBB00000000010197C1,10,17:51:27.053
93.79063208200023,3,1049,True,,0xBBBB,0.0,True,True,0x97C1,BBBB00000000010197C1,10,17:51:27.064
93.80076174299757,3,1050,True,,0xBBBB,0.0,True,True,0x97C1,BBBB00000000010197C1,10,17:51:27.074
93.81094504299836,3,1051,True,,0xBBBB,0.0,True,True,0x97C1,BBBB00000000010197C1,10,17:51:27.084
93.82118030600031,3,1052,True,,0xBBBB,0.0,True,True,0x97C1,BBBB00000000010197C1,10,17:51:27.094
93.83141612799955,3,1053,True,,0xBBBB,0.0,True,True,0x97C1,BBBB00000000010197C1,10,17:51:27.104
93.84173995099991,3,1054,True,,0xBBBB,0.0,True,True,0x97C1,BBBB00000000010197C1,10,17:51:27.115
93.85199197600014,3,1055,True,,0xBBBB,0.0,True,True,0x97C1,BBBB00000000010197C1,10,17:51:27.125
93.86223310599962,3,1056,True,,0xBBBB,0.0,True,True,0x97C1,BBBB00000000010197C1,10,17:51:27.135
93.87238679299844,3,1057,True,,0xBBBB,0.0,True,True,0x97C1,BBBB00000000010197C1,10,17:51:27.145
93.88251785099783,3,1058,True,,0xBBBB,0.0,True,True,0x97C1,BBBB00000000010197C1,10,17:51:27.155
93.89264360099696,3,1059,True,,0xBBBB,0.0,True,True,0x97C1,BBBB00000000010197C1,10,17:51:27.166
93.90276488099698,3,1060,True,,0xBBBB,0.0,True,True,0x97C1,BBBB00000000010197C1,10,17:51:27.176
93.91296019400033,3,1061,True,,0xBBBB,0.0,True,True,0x97C1,BBBB00000000010197C1,10,17:51:27.186
93.92316276999918,3,1062,True,,0xBBBB,0.0,True,True,0x97C1,BBBB00000000010197C1,10,17:51:27.196
93.93337288999828,3,1063,True,,0xBBBB,0.0,True,True,0x97C1,BBBB00000000010197C1,10,17:51:27.206
93.94352517999869,3,1064,True,,0xBBBB,0.0,True,True,0x97C1,BBBB00000000010197C1,10,17:51:27.216
93.95380681799725,3,1065,True,,0xBBBB,0.0,True,True,0x97C1,BBBB00000000010197C1,10,17:51:27.227
93.96397866400002,3,1066,True,,0xBBBB,0.0,True,True,0x97C1,BBBB00000000010197C1,10,17:51:27.237
93.97413933499774,3,1067,True,,0xBBBB,0.0,True,True,0x97C1,BBBB00000000010197C1,10,17:51:27.247
93.98429330199724,3,1068,True,,0xBBBB,0.0,True,True,0x97C1,BBBB00000000010197C1,10,17:51:27.257
93.99442938799984,3,1069,True,,0xBBBB,0.0,True,True,0x97C1,BBBB00000000010197C1,10,17:51:27.267
94.00464230199941,3,1070,True,,0xBBBB,0.0,True,True,0x97C1,BBBB00000000010197C1,10,17:51:27.278
94.01478816599774,3,1071,True,,0xBBBB,0.0,True,True,0x97C1,BBBB00000000010197C1,10,17:51:27.288
94.02500080000027,3,1072,True,,0xBBBB,0.0,True,True,0x97C1,BBBB00000000010197C1,10,17:51:27.298
94.0352111989996,3,1073,True,,0xBBBB,0.0,True,True,0x97C1,BBBB00000000010197C1,10,17:51:27.308
94.04544171299858,3,1074,True,,0xBBBB,0.0,True,True,0x97C1,BBBB00000000010197C1,10,17:51:27.318
94.05572307199691,3,1075,True,,0xBBBB,0.0,True,True,0x97C1,BBBB00000000010197C1,10,17:51:27.329
94.06594883599973,3,1076,True,,0xBBBB,0.0,True,True,0x97C1,BBBB00000000010197C1,10,17:51:27.339
94.07618270199964,3,1077,True,,0xBBBB,0.0,True,True,0x97C1,BBBB00000000010197C1,10,17:51:27.349
94.086425786998,3,1078,True,,0xBBBB,0.0,True,True,0x97C1,BBBB00000000010197C1,10,17:51:27.359
94.09683649399813,3,1079,True,,0xBBBB,0.0,True,True,0x97C1,BBBB00000000010197C1,10,17:51:27.370
94.10699520999697,3,1080,True,,0xBBBB,0.0,True,True,0x97C1,BBBB00000000010197C1,10,17:51:27.380
94.11713241399775,3,1081,True,,0xBBBB,0.0,True,True,0x97C1,BBBB00000000010197C1,10,17:51:27.390
94.12739421699735,3,1082,True,,0xBBBB,0.0,True,True,0x97C1,BBBB00000000010197C1,10,17:51:27.400
94.13767334099975,3,1083,True,,0xBBBB,0.0,True,True,0x97C1,BBBB00000000010197C1,10,17:51:27.411
94.14782311700037,3,1084,True,,0xBBBB,0.0,True,True,0x97C1,BBBB00000000010197C1,10,17:51:27.421
94.158055306998,3,1085,True,,0xBBBB,0.0,True,True,0x97C1,BBBB00000000010197C1,10,17:51:27.431
94.16820480299793,3,1086,True,,0xBBBB,0.0,True,True,0x97C1,BBBB00000000010197C1,10,17:51:27.441
94.17836770899885,3,1087,True,,0xBBBB,0.0,True,True,0x97C1,BBBB00000000010197C1,10,17:51:27.451
94.18850211999961,3,1088,True,,0xBBBB,0.0,True,True,0x97C1,BBBB00000000010197C1,10,17:51:27.461
94.19868793400019,3,1089,True,,0xBBBB,0.0,True,True,0x97C1,BBBB00000000010197C1,10,17:51:27.472
94.20890308199887,3,1090,True,,0xBBBB,0.0,True,True,0x97C1,BBBB00000000010197C1,10,17:51:27.482
94.21913443399899,3,1091,True,,0xBBBB,0.0,True,True,0x97C1,BBBB00000000010197C1,10,17:51:27.492
94.22929342899806,3,1092,True,,0xBBBB,0.0,True,True,0x97C1,BBBB00000000010197C1,10,17:51:27.502
94.23948678599845,3,1093,True,,0xBBBB,0.0,True,True,0x97C1,BBBB00000000010197C1,10,17:51:27.512
94.24964801599708,3,1094,True,,0xBBBB,0.0,True,True,0x97C1,BBBB00000000010197C1,10,17:51:27.523
94.25983019900013,3,1095,True,,0xBBBB,0.0,True,True,0x97C1,BBBB00000000010197C1,10,17:51:27.533
94.27006043299843,3,1096,True,,0xBBBB,0.0,True,True,0x97C1,BBBB00000000010197C1,10,17:51:27.543
94.28022529499867,3,1097,True,,0xBBBB,0.0,True,True,0x97C1,BBBB00000000010197C1,10,17:51:27.553
94.2904549699997,3,1098,True,,0xBBBB,0.0,True,True,0x97C1,BBBB00000000010197C1,10,17:51:27.563
94.30070448100014,3,1099,True,,0xBBBB,0.0,True,True,0x97C1,BBBB00000000010197C1,10,17:51:27.574
94.31087995899725,3,1100,True,,0xBBBB,0.0,True,True,0x97C1,BBBB00000000010197C1,10,17:51:27.584
94.82725828699768,3,2001,True,,0xBBBB,0.0,True,False,0x5700,BBBB0000000001005700,10,17:51:28.100
94.83747064199997,3,2002,True,,0xBBBB,0.0,True,False,0x5700,BBBB0000000001005700,10,17:51:28.110
94.84763857600046,3,2003,True,,0xBBBB,0.0,True,False,0x5700,BBBB0000000001005700,10,17:51:28.121
94.85786573799851,3,2004,True,,0xBBBB,0.0,True,False,0x5700,BBBB0000000001005700,10,17:51:28.131
94.8680135579998,3,2005,True,,0xBBBB,0.0,True,False,0x5700,BBBB0000000001005700,10,17:51:28.141
94.87815187899832,3,2006,True,,0xBBBB,0.0,True,False,0x5700,BBBB0000000001005700,10,17:51:28.151
94.88832651899793,3,2007,True,,0xBBBB,0.0,True,False,0x5700,BBBB0000000001005700,10,17:51:28.161
94.89860117299759,3,2008,True,,0xBBBB,0.0,True,False,0x5700,BBBB0000000001005700,10,17:51:28.172
94.90875569799755,3,2009,True,,0xBBBB,0.0,True,False,0x5700,BBBB0000000001005700,10,17:51:28.182
94.91893229299967,3,2010,True,,0xBBBB,0.0,True,False,0x5700,BBBB0000000001005700,10,17:51:28.192
