time_s,episode,attempt,sof_hex,residual,timing_accurate,episode_done,checksum_hex,packet_bytes,packet_size,timestamp
93.30291839300116,3,1,0xBBBB,0.0,True,True,0x97C1,BBBB00000000010197C1,10,17:13:05.772
93.31311861799986,3,2,0xBBBB,0.0,True,True,0x97C1,BBBB00000000010197C1,10,17:13:05.782
93.32338784600142,3,3,0xBBBB,0.0,True,True,0x97C1,BBBB00000000010197C1,10,17:13:05.793
93.33367718899899,3,4,0xBBBB,0.0,True,True,0x97C1,BBBB00000000010197C1,10,17:13:05.803
93.34385478600234,3,5,0xBBBB,0.0,True,True,0x97C1,BBBB00000000010197C1,10,17:13:05.813
93.35400640100124,3,6,0xBBBB,0.0,True,True,0x97C1,BBBB00000000010197C1,10,17:13:05.823
93.36431585900209,3,7,0xBBBB,0.0,True,True,0x97C1,BBBB00000000010197C1,10,17:13:05.834
93.3744920579993,3,8,0xBBBB,0.0,True,True,0x97C1,BBBB00000000010197C1,10,17:13:05.844
93.38474815700101,3,9,0xBBBB,0.0,True,True,0x97C1,BBBB00000000010197C1,10,17:13:05.854
93.39492184200208,3,10,0xBBBB,0.0,True,True,0x97C1,BBBB00000000010197C1,10,17:13:05.864
93.40520112800004,3,11,0xBBBB,0.0,True,True,0x97C1,BBBB00000000010197C1,10,17:13:05.874
93.41549354400195,3,12,0xBBBB,0.0,True,True,0x97C1,BBBB00000000010197C1,10,17:13:05.885
93.4256859470006,3,13,0xBBBB,0.0,True,True,0x97C1,BBBB00000000010197C1,10,17:13:05.895
93.43616162800026,3,14,0xBBBB,0.0,True,True,0x97C1,BBBB00000000010197C1,10,17:13:05.905
93.44648198000141,3,15,0xBBBB,0.0,True,True,0x97C1,BBBB00000000010197C1,10,17:13:05.916
93.45737838700006,3,16,0xBBBB,0.0,True,True,0x97C1,BBBB00000000010197C1,10,17:13:05.927
93.46756520200142,3,17,0xBBBB,0.0,True,True,0x97C1,BBBB00000000010197C1,10,17:13:05.937
93.47773302100177,3,18,0xBBBB,0.0,True,True,0x97C1,BBBB00000000010197C1,10,17:13:05.947
93.48800504300016,3,19,0xBBBB,0.0,True,True,0x97C1,BBBB00000000010197C1,10,17:13:05.957
93.49831338299919,3,20,0xBBBB,0.0,True,True,0x97C1,BBBB00000000010197C1,10,17:13:05.968
93.50849265600118,3,21,0xBBBB,0.0,True,True,0x97C1,BBBB00000000010197C1,10,17:13:05.978
93.51868449999893,3,22,0xBBBB,0.0,True,True,0x97C1,BBBB00000000010197C1,10,17:13:05.988
93.52884701099902,3,23,0xBBBB,0.0,True,True,0x97C1,BBBB00000000010197C1,10,17:13:05.998
93.53912881100041,3,24,0xBBBB,0.0,True,True,0x97C1,BBBB00000000010197C1,10,17:13:06.008
93.5494500019995,3,25,0xBBBB,0.0,True,True,0x97C1,BBBB00000000010197C1,10,17:13:06.019
93.55967509100083,3,26,0xBBBB,0.0,True,True,0x97C1,BBBB00000000010197C1,10,17:13:06.029
93.56991107499925,3,27,0xBBBB,0.0,True,True,0x97C1,BBBB00000000010197C1,10,17:13:06.039
93.58018868500221,3,28,0xBBBB,0.0,True,True,0x97C1,BBBB00000000010197C1,10,17:13:06.049
93.59042885899908,3,29,0xBBBB,0.0,True,True,0x97C1,BBBB00000000010197C1,10,17:13:06.060
93.60059472300054,3,30,0xBBBB,0.0,True,True,0x97C1,BBBB00000000010197C1,10,17:13:06.070
93.6107577920011,3,31,0xBBBB,0.0,True,True,0x97C1,BBBB00000000010197C1,10,17:13:06.080
93.62093874100174,3,32,0xBBBB,0.0,True,True,0x97C1,BBBB00000000010197C1,10,17:13:06.090
93.63118142999883,3,33,0xBBBB,0.0,True,True,0x97C1,BBBB00000000010197C1,10,17:13:06.100
93.64136126200174,3,34,0xBBBB,0.0,True,True,0x97C1,BBBB00000000010197C1,10,17:13:06.111
93.6516313280008,3,35,0xBBBB,0.0,True,True,0x97C1,BBBB00000000010197C1,10,17:13:06.121
93.66180389600049,3,36,0xBBBB,0.0,True,True,0x97C1,BBBB00000000010197C1,10,17:13:06.131
93.6720468650019,3,37,0xBBBB,0.0,True,True,0x97C1,BBBB00000000010197C1,10,17:13:06.141
93.68222893100028,3,38,0xBBBB,0.0,True,True,0x97C1,BBBB00000000010197C1,10,17:13:06.151
93.6924671500019,3,39,0xBBBB,0.0,True,True,0x97C1,BBBB00000000010197C1,10,17:13:06.162
93.70270564900056,3,40,0xBBBB,0.0,True,True,0x97C1,BBBB00000000010197C1,10,17:13:06.172
93.71297292199961,3,41,0xBBBB,0.0,True,True,0x97C1,BBBB00000000010197C1,10,17:13:06.182
93.7232340490009,3,42,0xBBBB,0.0,True,True,0x97C1,BBBB00000000010197C1,10,17:13:06.192
93.73353931599922,3,43,0xBBBB,0.0,True,True,0x97C1,BBBB00000000010197C1,10,17:13:06.203
93.7437166330019,3,44,0xBBBB,0.0,True,True,0x97C1,BBBB00000000010197C1,10,17:13:06.213
93.75399703700168,3,45,0xBBBB,0.0,True,True,0x97C1,BBBB00000000010197C1,10,17:13:06.223
93.76433135800107,3,46,0xBBBB,0.0,True,True,0x97C1,BBBB00000000010197C1,10,17:13:06.234
93.77450672000123,3,47,0xBBBB,0.0,True,True,0x97C1,BBBB00000000010197C1,10,17:13:06.244
93.78479773900108,3,48,0xBBBB,0.0,True,True,0x97C1,BBBB00000000010197C1,10,17:13:06.254
93.79508456799886,3,49,0xBBBB,0.0,True,True,0x97C1,BBBB00000000010197C1,10,17:13:06.264
93.80531468499976,3,50,0xBBBB,0.0,True,True,0x97C1,BBBB00000000010197C1,10,17:13:06.275
93.81559005999952,3,51,0xBBBB,0.0,True,True,0x97C1,BBBB00000000010197C1,10,17:13:06.285
93.8257718470013,3,52,0xBBBB,0.0,True,True,0x97C1,BBBB00000000010197C1,10,17:13:06.295
93.83591228799924,3,53,0xBBBB,0.0,True,True,0x97C1,BBBB00000000010197C1,10,17:13:06.305
93.84604798000146,3,54,0xBBBB,0.0,True,True,0x97C1,BBBB00000000010197C1,10,17:13:06.315
93.8561836709996,3,55,0xBBBB,0.0,True,True,0x97C1,BBBB00000000010197C1,10,17:13:06.325
93.86631517299975,3,56,0xBBBB,0.0,True,True,0x97C1,BBBB00000000010197C1,10,17:13:06.336
93.87645002600038,3,57,0xBBBB,0.0,True,True,0x97C1,BBBB00000000010197C1,10,17:13:06.346
93.88657621899983,3,58,0xBBBB,0.0,True,True,0x97C1,BBBB00000000010197C1,10,17:13:06.356
93.89673593599946,3,59,0xBBBB,0.0,True,True,0x97C1,BBBB00000000010197C1,10,17:13:06.366
93.9069129740019,3,60,0xBBBB,0.0,True,True,0x97C1,BBBB00000000010197C1,10,17:13:06.376
93.91708442500021,3,61,0xBBBB,0.0,True,True,0x97C1,BBBB00000000010197C1,10,17:13:06.386
93.92731677700067,3,62,0xBBBB,0.0,True,True,0x97C1,BBBB00000000010197C1,10,17:13:06.397
93.93756393600052,3,63,0xBBBB,0.0,True,True,0x97C1,BBBB00000000010197C1,10,17:13:06.407
93.94775605999894,3,64,0xBBBB,0.0,True,True,0x97C1,BBBB00000000010197C1,10,17:13:06.417
93.95794427200235,3,65,0xBBBB,0.0,True,True,0x97C1,BBBB00000000010197C1,10,17:13:06.427
93.96822802799943,3,66,0xBBBB,0.0,True,True,0x97C1,BBBB00000000010197C1,10,17:13:06.437
93.97854838100102,3,67,0xBBBB,0.0,True,True,0x97C1,BBBB00000000010197C1,10,17:13:06.448
93.9887195520023,3,68,0xBBBB,0.0,True,True,0x97C1,BBBB00000000010197C1,10,17:13:06.458
93.99896475499918,3,69,0xBBBB,0.0,True,True,0x97C1,BBBB00000000010197C1,10,17:13:06.468
94.00915632000033,3,70,0xBBBB,0.0,True,True,0x97C1,BBBB00000000010197C1,10,17:13:06.478
94.01943504700102,3,71,0xBBBB,0.0,True,True,0x97C1,BBBB00000000010197C1,10,17:13:06.489
94.02970232100051,3,72,0xBBBB,0.0,True,True,0x97C1,BBBB00000000010197C1,10,17:13:06.499
94.03997294600049,3,73,0xBBBB,0.0,True,True,0x97C1,BBBB00000000010197C1,10,17:13:06.509
94.05024161600159,3,74,0xBBBB,0.0,True,True,0x97C1,BBBB00000000010197C1,10,17:13:06.519
94.06047229199976,3,75,0xBBBB,0.0,True,True,0x97C1,BBBB00000000010197C1,10,17:13:06.530
94.07072364200212,3,76,0xBBBB,0.0,True,True,0x97C1,BBBB00000000010197C1,10,17:13:06.540
94.08100153100168,3,77,0xBBBB,0.0,True,True,0x97C1,BBBB00000000010197C1,10,17:13:06.550
94.09118862600008,3,78,0xBBBB,0.0,True,True,0x97C1,BBBB00000000010197C1,10,17:13:06.560
94.10145589899912,3,79,0xBBBB,0.0,True,True,0x97C1,BBBB00000000010197C1,10,17:13:06.571
94.11163098100224,3,80,0xBBBB,0.0,True,True,0x97C1,BBBB00000000010197C1,10,17:13:06.581
94.12186445100087,3,81,0xBBBB,0.0,True,True,0x97C1,BBBB00000000010197C1,10,17:13:06.591
94.13216357200145,3,82,0xBBBB,0.0,True,True,0x97C1,BBBB00000000010197C1,10,17:13:06.601
94.14238782300163,3,83,0xBBBB,0.0,True,True,0x97C1,BBBB00000000010197C1,10,17:13:06.612
94.15255899399926,3,84,0xBBBB,0.0,True,True,0x97C1,BBBB00000000010197C1,10,17:13:06.622
94.16288242000155,3,85,0xBBBB,0.0,True,True,0x97C1,BBBB00000000010197C1,10,17:13:06.632
94.17319299500014,3,86,0xBBBB,0.0,True,True,0x97C1,BBBB00000000010197C1,10,17:13:06.642
94.18357871999979,3,87,0xBBBB,0.0,True,True,0x97C1,BBBB00000000010197C1,10,17:13:06.653
94.19385353600228,3,88,0xBBBB,0.0,True,True,0x97C1,BBBB00000000010197C1,10,17:13:06.663
94.2040263830022,3,89,0xBBBB,0.0,True,True,0x97C1,BBBB00000000010197C1,10,17:13:06.673
94.21417297000153,3,90,0xBBBB,0.0,True,True,0x97C1,BBBB00000000010197C1,10,17:13:06.683
94.2243734750009,3,91,0xBBBB,0.0,True,True,0x97C1,BBBB00000000010197C1,10,17:13:06.694
94.2345144739993,3,92,0xBBBB,0.0,True,True,0x97C1,BBBB00000000010197C1,10,17:13:06.704
94.24467028000072,3,93,0xBBBB,0.0,True,True,0x97C1,BBBB00000000010197C1,10,17:13:06.714
94.25482636599918,3,94,0xBBBB,0.0,True,True,0x97C1,BBBB00000000010197C1,10,17:13:06.724
94.26507575900177,3,95,0xBBBB,0.0,True,True,0x97C1,BBBB00000000010197C1,10,17:13:06.734
94.27531677200022,3,96,0xBBBB,0.0,True,True,0x97C1,BBBB00000000010197C1,10,17:13:06.745
94.28559103000225,3,97,0xBBBB,0.0,True,True,0x97C1,BBBB00000000010197C1,10,17:13:06.755
94.29590439800086,3,98,0xBBBB,0.0,True,True,0x97C1,BBBB00000000010197C1,10,17:13:06.765
94.3061962560023,3,99,0xBBBB,0.0,True,True,0x97C1,BBBB00000000010197C1,10,17:13:06.775
94.3164101700022,3,100,0xBBBB,0.0,True,True,0x97C1,BBBB00000000010197C1,10,17:13:06.786
94.83285692000209,3,101,0xBBBB,0.0,True,False,0x5700,BBBB0000000001005700,10,17:13:07.302
94.8431764349989,3,102,0xBBBB,0.0,True,False,0x5700,BBBB0000000001005700,10,17:13:07.312
94.85346382300122,3,103,0xBBBB,0.0,True,False,0x5700,BBBB0000000001005700,10,17:13:07.323
94.86373612500029,3,104,0xBBBB,0.0,True,False,0x5700,BBBB0000000001005700,10,17:13:07.333
94.87403245200039,3,105,0xBBBB,0.0,True,False,0x5700,BBBB0000000001005700,10,17:13:07.343
94.8843187220009,3,106,0xBBBB,0.0,True,False,0x5700,BBBB0000000001005700,10,17:13:07.354
94.89448654100124,3,107,0xBBBB,0.0,True,False,0x5700,BBBB0000000001005700,10,17:13:07.364
94.90473649400155,3,108,0xBBBB,0.0,True,False,0x5700,BBBB0000000001005700,10,17:13:07.374
94.91499147500144,3,109,0xBBBB,0.0,True,False,0x5700,BBBB0000000001005700,10,17:13:07.384
94.92515510299927,3,110,0xBBBB,0.0,True,False,0x5700,BBBB0000000001005700,10,17:13:07.394
