time_s,episode,step,residual_mpa,timing_accurate,episode_done,sander_active,current_force,target_force,force_error,force_error_dot,force_error_int,pi_output
0.29854306999914115,1,1,0.048,1,0,1,-29.548254,-30.0,-0.451746,0.0,-33.039062,0.029585904
0.29968373099836754,1,2,0.096,0,0,1,-29.543377,-30.0,-0.45662308,0.0,-33.04766,0.04829446
0.3012638379987038,1,3,0.14400000000000002,1,0,1,-29.543377,-30.0,-0.45662308,0.0,-33.04812,0.049111184
0.4014794089998759,1,4,0.192,1,0,1,-29.543377,-30.0,-0.45662308,0.0,-33.052696,0.057197295
0.5017396789990016,1,5,0.1979835867881775,1,0,1,-29.537859,-30.0,-0.46214104,0.0,-33.057312,0.06570688
0.601868646001094,1,6,0.19984689950942994,1,0,1,-29.5321,-30.0,-0.46789932,0.0,-33.061943,0.07335727
0.7016674000005878,1,7,0.19690641164779665,1,0,1,-29.5321,-30.0,-0.46789932,0.0,-33.066635,0.08128656
0.8026450879988261,1,8,0.19970861673355103,1,0,1,-29.526695,-30.0,-0.47330475,0.0,-33.071346,0.088143714
0.9017088229993533,1,9,0.19971892833709717,1,0,1,-29.526695,-30.0,-0.47330475,0.0,-33.076077,0.09524204
1.0017623610001465,1,10,0.19975998401641848,1,0,1,-29.521992,-30.0,-0.47800827,0.0,-33.08084,0.10184577
1.1010722200007876,1,11,0.1984719276428223,1,0,1,-29.518002,-30.0,-0.48199844,0.0,-33.085617,0.107797116
1.2015319589991122,1,12,0.1996468544006348,1,0,1,-29.518002,-30.0,-0.48199844,0.0,-33.090424,0.11374569
1.3023277780011995,1,13,0.19980953931808473,1,0,1,-29.514645,-30.0,-0.48535538,0.0,-33.095253,0.11901709
1.4015094069982297,1,14,0.199534010887146,1,0,1,-29.514645,-30.0,-0.48535538,0.0,-33.100098,0.12400565
1.501680558998487,1,15,0.1971824407577515,1,0,1,-29.511885,-30.0,-0.4881153,0.0,-33.104977,0.12858106
1.6016659300003084,1,16,0.19966886043548585,1,0,1,-29.509823,-30.0,-0.49017715,0.0,-33.10986,0.13322474
1.7016540959994018,1,17,0.1995728611946106,1,0,1,-29.509823,-30.0,-0.49017715,0.0,-33.114742,0.13692576
1.8022660909991828,1,18,0.19958965778350832,1,0,1,-29.509823,-30.0,-0.49017715,0.0,-33.119625,0.1394582
1.90121807900141,1,19,0.1991283416748047,1,0,1,-29.508507,-30.0,-0.49149323,0.0,-33.124546,0.14203449
2.001665805000812,1,20,0.1998152494430542,1,0,1,-29.508507,-30.0,-0.49149323,0.0,-33.129467,0.14457221
2.1016648660006467,1,21,0.19887728691101075,1,0,1,-29.507664,-30.0,-0.49233627,0.0,-33.134388,0.1468777
2.201967320001131,1,22,0.1996748447418213,1,0,1,-29.507664,-30.0,-0.49233627,0.0,-33.13931,0.14901647
2.3013017640005273,1,23,0.19919130802154542,1,0,1,-29.507664,-30.0,-0.49233627,0.0,-33.14423,0.15128666
2.4015997479982616,1,24,0.1984906315803528,1,0,1,-29.506805,-30.0,-0.49319458,0.0,-33.14915,0.15331411
2.5017491090002295,1,25,0.1971270799636841,1,0,1,-29.506805,-30.0,-0.49319458,0.0,-33.15407,0.15538958
2.6019261270012066,1,26,0.19960094690322877,1,0,1,-29.5054,-30.0,-0.4946003,0.0,-33.159008,0.15737915
2.7011010509995685,1,27,0.19948077201843262,1,0,1,-29.5054,-30.0,-0.4946003,0.0,-33.163967,0.15914278
2.801389536998613,1,28,0.19965018033981324,1,0,1,-29.5054,-30.0,-0.4946003,0.0,-33.168926,0.1610521
2.901456204999704,1,29,0.1981374502182007,1,0,1,-29.503197,-30.0,-0.49680328,0.0,-33.173885,0.16273008
3.00149242200132,1,30,0.19923996925354004,1,0,1,-29.503197,-30.0,-0.49680328,0.0,-33.178844,0.16433243
3.1016199920013605,1,31,0.1989962697029114,1,0,1,-29.500208,-30.0,-0.4997921,0.0,-33.183815,0.16605
3.201429641001596,1,32,0.19968262910842896,1,0,1,-29.500208,-30.0,-0.4997921,0.0,-33.188812,0.16750838
3.301476193999406,1,33,0.1997580885887146,1,0,1,-29.500208,-30.0,-0.4997921,0.0,-33.19381,0.16906627
3.401457374999154,1,34,0.1994547486305237,1,0,1,-29.496561,-30.0,-0.50343895,0.0,-33.198833,0.17052193
3.501593885001057,1,35,0.19955116510391235,1,0,1,-29.496561,-30.0,-0.50343895,0.0,-33.20387,0.17184028
3.601766432999284,1,36,0.19950895309448244,1,0,1,-29.492498,-30.0,-0.5075016,-4.0626526,-33.208908,0.17311004
3.701765213998442,1,37,0.1997019648551941,1,0,1,-29.492498,-30.0,-0.5075016,0.0,-33.21398,0.17451474
3.801738293001108,1,38,0.19800560474395754,1,0,1,-29.492498,-30.0,-0.5075016,0.0,-33.219055,0.17565402
3.901893240999925,1,39,0.19868775606155398,1,0,1,-29.48812,-30.0,-0.5118809,0.0,-33.22415,0.17694077
4.00144922400068,1,40,0.19944752454757692,1,0,1,-29.48812,-30.0,-0.5118809,0.0,-33.229263,0.17804407
4.101685746998555,1,41,0.19674508571624758,1,0,1,-29.4834,-30.0,-0.51659966,-4.7187805,-33.23438,0.17918408
4.201749341998948,1,42,0.19594521522521974,1,0,1,-29.4834,-30.0,-0.51659966,0.0,-33.23953,0.18026732
4.302202934999514,1,43,0.1967584252357483,1,0,1,-29.4834,-30.0,-0.51659966,0.0,-33.24468,0.18120365
4.401521733001573,1,44,0.1992658615112305,1,0,1,-29.478363,-30.0,-0.52163696,0.0,-33.249866,0.18228832
4.5015342039987445,1,45,0.19882088899612427,1,0,1,-29.478363,-30.0,-0.52163696,0.0,-33.255093,0.18315935
4.6020540069985145,1,46,0.19785157442092896,1,0,1,-29.478363,-30.0,-0.52163696,0.0,-33.26032,0.18402903
4.701134225000715,1,47,0.19982992410659792,1,0,1,-29.473288,-30.0,-0.5267124,0.0,-33.265575,0.18504883
4.801174911000999,1,48,0.19974285364151,1,0,1,-29.473288,-30.0,-0.5267124,0.0,-33.27084,0.1858761
4.9012368289986625,1,49,0.19935364723205568,1,0,1,-29.46868,-30.0,-0.5313206,0.0,-33.27612,0.18683748
5.00156386800154,1,50,0.19968523979187014,1,0,1,-29.46868,-30.0,-0.5313206,0.0,-33.28142,0.18761435
5.101555386001564,1,51,0.19937993288040162,1,0,1,-29.464788,-30.0,-0.53521156,-3.890991,-33.286728,0.1883822
5.201573722999456,1,52,0.19935859441757203,1,0,1,-29.464788,-30.0,-0.53521156,0.0,-33.29207,0.18923007
5.302022006999323,1,53,0.1997801184654236,1,0,1,-29.464788,-30.0,-0.53521156,0.0,-33.29741,0.18992841
5.401035735998448,1,54,0.19993382692337036,1,0,1,-29.461504,-30.0,-0.538496,0.0,-33.302776,0.1906583
5.501568389998283,1,55,0.19943281412124636,1,0,1,-29.461504,-30.0,-0.538496,0.0,-33.308155,0.19123453
5.601829218001512,1,56,0.1988999843597412,1,0,1,-29.458729,-30.0,-0.5412712,0.0,-33.31354,0.19186535
5.701413695998781,1,57,0.1996474266052246,1,0,1,-29.458729,-30.0,-0.5412712,0.0,-33.31896,0.19246495
5.8011319910001475,1,58,0.19884532690048218,1,0,1,-29.458729,-30.0,-0.5412712,0.0,-33.324375,0.1929801
5.901243077998515,1,59,0.19964823722839356,1,0,1,-29.456503,-30.0,-0.5434971,0.0,-33.329792,0.19357215
6.001730754000164,1,60,0.19834508895874026,1,0,1,-29.456503,-30.0,-0.5434971,0.0,-33.33521,0.19407307
6.101616669999203,1,61,0.19942737817764283,1,0,1,-29.455,-30.0,-0.5450001,0.0,-33.340633,0.19456041
6.201829448000353,1,62,0.1987628936767578,1,0,1,-29.455,-30.0,-0.5450001,0.0,-33.34609,0.19507274
6.302065412000957,1,63,0.1995261311531067,1,0,1,-29.455,-30.0,-0.5450001,0.0,-33.351543,0.19549328
6.401243409000017,1,64,0.1984497308731079,1,0,1,-29.454334,-30.0,-0.54566574,0.0,-33.357,0.1959224
6.746330081998167,1,65,0.18786872625350953,1,0,1,-29.454334,-30.0,-0.54566574,0.0,-33.362453,0.19635355
6.751404249000188,1,66,0.13986872625350955,0,0,1,-29.454361,-30.0,-0.54563904,0.0,-33.375546,0.19729777
6.756236204000743,1,67,0.09186872625350954,0,0,1,-29.454361,-30.0,-0.54563904,0.0,-33.37609,0.19733219
6.807294121001178,1,68,0.04386872625350954,1,0,1,-29.454361,-30.0,-0.54563904,0.0,-33.37882,0.19750291
6.906324053001299,1,69,-0.0041312737464904575,1,0,1,-29.45471,-30.0,-0.54529,0.0,-33.384274,0.19783375
7.005431090001366,1,70,0.04386872625350954,1,0,1,-29.45471,-30.0,-0.54529,0.0,-33.38973,0.19818257
7.106516613999702,1,71,-0.0041312737464904575,1,0,1,-29.454845,-30.0,-0.5451546,0.13542175,-33.395184,0.19848922
7.207105980000051,1,72,0.04386872625350954,1,0,1,-29.454845,-30.0,-0.5451546,0.0,-33.40064,0.19878946
7.3080554510015645,1,73,0.09186872625350954,1,0,1,-29.454845,-30.0,-0.5451546,0.0,-33.406094,0.19910042
7.407106055998156,1,74,0.04386872625350954,1,0,1,-29.454494,-30.0,-0.5455055,0.0,-33.41155,0.19937943
7.506864579998364,1,75,0.09186872625350954,1,0,1,-29.454494,-30.0,-0.5455055,0.0,-33.417004,0.19966605
7.606569464998756,1,76,0.07237852215766907,1,0,1,-29.454494,-30.0,-0.5455055,0.0,-33.42246,0.19991653
7.706511255000805,1,77,0.12037852215766907,1,0,1,-29.453613,-30.0,-0.5463867,0.0,-33.427914,0.20018733
7.806317550999665,1,78,0.07237852215766907,1,0,1,-29.453613,-30.0,-0.5463867,0.0,-33.43337,0.20044906
7.907186005999392,1,79,0.12037852215766907,1,0,1,-29.452124,-30.0,-0.54787636,0.0,-33.43884,0.20069991
8.006953748998058,1,80,0.07237852215766907,1,0,1,-29.452124,-30.0,-0.54787636,0.0,-33.444332,0.20091572
8.10832339099943,1,81,0.12037852215766907,1,0,1,-29.452124,-30.0,-0.54787636,0.0,-33.449825,0.2011422
8.206350389998988,1,82,0.07237852215766907,1,0,1,-29.45015,-30.0,-0.54985046,0.0,-33.45532,0.20137866
8.306474886001524,1,83,0.12037852215766907,1,0,1,-29.45015,-30.0,-0.54985046,0.0,-33.46081,0.20158717
8.406556639998598,1,84,0.09853530526161194,1,0,1,-29.447927,-30.0,-0.5520725,0.0,-33.466312,0.20181213
8.506977545999689,1,85,0.05053530526161194,1,0,1,-29.447927,-30.0,-0.5520725,0.0,-33.471844,0.20199528
8.608083464001538,1,86,0.06041799187660218,1,0,1,-29.447927,-30.0,-0.5520725,0.0,-33.477375,0.20218296
8.707208101001015,1,87,0.012417991876602176,1,0,1,-29.44561,-30.0,-0.55438995,0.0,-33.482906,0.20239872
8.80710435400033,1,88,0.05052598118782044,1,0,1,-29.44561,-30.0,-0.55438995,0.0,-33.488438,0.20257773
8.906196863998048,1,89,0.0025259811878204363,1,0,1,-29.443205,-30.0,-0.5567951,0.0,-33.493977,0.20277922
9.007757872001093,1,90,0.05052598118782044,1,0,1,-29.443205,-30.0,-0.5567951,0.0,-33.499546,0.20292643
9.106739751998248,1,91,0.0025259811878204363,1,0,1,-29.443205,-30.0,-0.5567951,0.0,-33.505116,0.20308256
9.20780264700079,1,92,-0.011446375399827957,1,0,1,-29.44084,-30.0,-0.55916023,0.0,-33.510708,0.20326057
9.306361284001468,1,93,-0.02811577618122101,1,0,1,-29.44084,-30.0,-0.55916023,0.0,-33.516315,0.20339103
9.406222615998558,1,94,0.016197912395000454,1,0,1,-29.44084,-30.0,-0.55916023,0.0,-33.521923,0.20352708
9.505919119997998,1,95,-0.03180208760499954,1,0,1,-29.438858,-30.0,-0.56114197,0.0,-33.52753,0.20368327
9.607157178998023,1,96,-0.07980208760499954,1,0,1,-29.438858,-30.0,-0.56114197,0.0,-33.53314,0.20379768
9.706072289998701,1,97,-0.12780208760499956,1,0,1,-29.437485,-30.0,-0.56251526,0.0,-33.538746,0.20394348
9.807446959999652,1,98,-0.11231127977371216,1,0,1,-29.437485,-30.0,-0.56251526,0.0,-33.544353,0.2040555
9.905900834000931,1,99,-0.06431127977371216,1,0,1,-29.437485,-30.0,-0.56251526,0.0,-33.54996,0.20416749
10.007297293999727,1,100,-0.11231127977371216,1,0,1,-29.436779,-30.0,-0.563221,0.0,-33.555603,0.20427984
10.106939321998652,1,101,-0.06431127977371216,1,0,1,-29.436779,-30.0,-0.563221,0.0,-33.56125,0.20437449
10.206798698000057,1,102,-0.016311279773712162,1,0,1,-29.436615,-30.0,-0.563385,0.0,-33.566895,0.20447993
10.306143197998608,1,103,0.03168872022628784,1,0,1,-29.436615,-30.0,-0.563385,0.0,-33.57254,0.20456831
10.408094762999099,1,104,0.013567569851875308,1,0,1,-29.436615,-30.0,-0.563385,0.0,-33.578186,0.20466103
10.506899803000124,1,105,0.06156756985187531,1,0,1,-29.436634,-30.0,-0.56336594,0.0,-33.58383,0.20474583
10.607438323000679,1,106,0.013567569851875308,1,0,1,-29.436634,-30.0,-0.56336594,0.0,-33.589478,0.20482804
10.705352177999885,1,107,0.06156756985187531,1,0,1,-29.436274,-30.0,-0.5637264,0.0,-33.595123,0.20492038
10.806519277000916,1,108,0.013567569851875308,1,0,1,-29.436274,-30.0,-0.5637264,0.0,-33.60077,0.20499364
10.90626271599831,1,109,0.06156756985187531,1,0,1,-29.436274,-30.0,-0.5637264,0.0,-33.606415,0.20506349
11.00570527400123,1,110,0.013567569851875308,1,0,1,-29.434917,-30.0,-0.56508255,0.0,-33.61206,0.20516613
11.106317827001476,1,111,-0.03443243014812469,1,0,1,-29.434917,-30.0,-0.56508255,0.0,-33.617706,0.20523186
11.20667531700019,1,112,-0.06660034060478211,1,0,1,-29.434917,-30.0,-0.56508255,0.0,-33.623352,0.20529519
11.306823839000572,1,113,-0.018600340604782106,1,0,1,-29.432402,-30.0,-0.56759834,0.0,-33.629036,0.20540792
11.40691900100137,1,114,-0.008671530336141587,1,0,1,-29.432402,-30.0,-0.56759834,0.0,-33.63472,0.20546554
11.506400670998119,1,115,0.03932846966385842,1,0,1,-29.429039,-30.0,-0.570961,0.0,-33.640423,0.20558801
11.606187131998013,1,116,-0.008671530336141584,1,0,1,-29.429039,-30.0,-0.570961,0.0,-33.646145,0.20564167
11.706552444000408,1,117,-0.004910938069224358,1,0,1,-29.429039,-30.0,-0.570961,0.0,-33.651867,0.2056932
11.807130913999572,1,118,-0.05291093806922436,1,0,1,-29.425367,-30.0,-0.57463264,0.0,-33.65762,0.20581482
11.907237530998827,1,119,-0.10091093806922435,1,0,1,-29.425367,-30.0,-0.57463264,0.0,-33.66338,0.20586137
12.005299172000377,1,120,-0.05291093806922435,1,0,1,-29.421831,-30.0,-0.57816887,0.0,-33.66915,0.20597507
12.107286217000365,1,121,-0.07035201191902161,1,0,1,-29.421831,-30.0,-0.57816887,0.0,-33.67495,0.20601824
12.206462537000334,1,122,-0.11835201191902162,1,0,1,-29.421831,-30.0,-0.57816887,0.0,-33.680748,0.20605919
12.306794324998918,1,123,-0.07035201191902161,1,0,1,-29.418512,-30.0,-0.58148766,0.0,-33.686546,0.2061655
12.406331588998,1,124,-0.11835201191902162,1,0,1,-29.418512,-30.0,-0.58148766,0.0,-33.692345,0.20620283
12.506803618998674,1,125,-0.07035201191902161,1,0,1,-29.415327,-30.0,-0.5846729,-3.185272,-33.698147,0.206239
12.606542867000826,1,126,-0.022352011919021614,1,0,1,-29.415327,-30.0,-0.5846729,0.0,-33.703983,0.20633553
12.707006237000314,1,127,0.024844253063201906,1,0,1,-29.415327,-30.0,-0.5846729,0.0,-33.70982,0.20636846
12.805706792998535,1,128,-0.023155746936798095,1,0,1,-29.412231,-30.0,-0.58776855,0.0,-33.71568,0.2064609
12.907466712000314,1,129,-0.067822265625,1,0,1,-29.412231,-30.0,-0.58776855,0.0,-33.721554,0.20649123
13.00746633000017,1,130,-0.06605837345123292,1,0,1,-29.412231,-30.0,-0.58776855,0.0,-33.72743,0.20652026
13.105904001000454,1,131,-0.11405837345123292,1,0,1,-29.409462,-30.0,-0.590538,0.0,-33.73334,0.20660302
13.2065989670009,1,132,-0.16205837345123292,1,0,1,-29.409462,-30.0,-0.590538,0.0,-33.739254,0.2066295
13.306173386998125,1,133,-0.11405837345123292,1,0,1,-29.40754,-30.0,-0.59246063,0.0,-33.745167,0.20669034
13.407339089000743,1,134,-0.06605837345123292,1,0,1,-29.40754,-30.0,-0.59246063,0.0,-33.75108,0.20671758
13.506200840998645,1,135,-0.018058373451232915,1,0,1,-29.40754,-30.0,-0.59246063,0.0,-33.756992,0.20674224
13.606517822001479,1,136,-0.008856771141290664,1,0,1,-29.406683,-30.0,-0.59331703,0.0,-33.76294,0.20678312
13.706769430998975,1,137,0.02112601846456528,1,0,1,-29.406683,-30.0,-0.59331703,0.0,-33.76889,0.20680536
13.806832187001419,1,138,0.049169647693634036,1,0,1,-29.406727,-30.0,-0.59327316,0.0,-33.77484,0.20682605
13.907241918001091,1,139,0.001169647693634035,1,0,1,-29.406727,-30.0,-0.59327316,0.0,-33.780792,0.20684887
14.006411812999431,1,140,0.049169647693634036,1,0,1,-29.406727,-30.0,-0.59327316,0.0,-33.786743,0.20686884
14.106106081999314,1,141,0.001169647693634035,1,0,1,-29.407587,-30.0,-0.59241295,0.0,-33.792664,0.20687301
14.206574759999057,1,142,0.0040777456015348434,1,0,1,-29.407587,-30.0,-0.59241295,0.0,-33.798576,0.20689388
14.306372115999693,1,143,0.052077745601534844,1,0,1,-29.409273,-30.0,-0.59072685,0.0,-33.80449,0.2068816
14.407011766998039,1,144,0.044474223256111146,1,0,1,-29.409273,-30.0,-0.59072685,0.0,-33.810402,0.20690008
14.507061952001095,1,145,-0.0035257767438888546,1,0,1,-29.409273,-30.0,-0.59072685,0.0,-33.816315,0.20691971
14.607818379001401,1,146,0.044474223256111146,1,0,1,-29.411448,-30.0,-0.5885525,0.0,-33.822205,0.20689745
14.706943016000878,1,147,0.09247422325611115,1,0,1,-29.411448,-30.0,-0.5885525,0.0,-33.82808,0.20691654
14.807565066999814,1,148,0.04447422325611115,1,0,1,-29.413559,-30.0,-0.58644104,2.111435,-33.833954,0.20693415
14.906597791999957,1,149,0.09247422325611115,1,0,1,-29.413559,-30.0,-0.58644104,0.0,-33.83983,0.20691292
15.006956399000046,1,150,0.04447422325611115,1,0,1,-29.413559,-30.0,-0.58644104,0.0,-33.845703,0.20693098
15.106789235000178,1,151,-0.0035257767438888477,1,0,1,-29.41524,-30.0,-0.58476067,0.0,-33.851555,0.20691614
15.206897806998313,1,152,-0.05152577674388885,1,0,1,-29.41524,-30.0,-0.58476067,0.0,-33.85739,0.2069334
15.30679713200152,1,153,-0.0035257767438888477,1,0,1,-29.41524,-30.0,-0.58476067,0.0,-33.863228,0.20694943
15.407183955001528,1,154,0.03344811499118805,1,0,1,-29.416258,-30.0,-0.58374214,0.0,-33.869064,0.20694616
15.50766492600087,1,155,-0.014551885008811952,1,0,1,-29.416258,-30.0,-0.58374214,0.0,-33.8749,0.20696242
15.608619704999,1,156,0.03344811499118805,1,0,1,-29.416594,-30.0,-0.58340645,0.0,-33.880737,0.20697066
15.707089781000832,1,157,0.08086145520210267,1,0,1,-29.416594,-30.0,-0.58340645,0.0,-33.886574,0.20698468
15.806288730000233,1,158,0.09896191358566285,1,0,1,-29.416594,-30.0,-0.58340645,0.0,-33.89241,0.20699959
15.906216831001075,1,159,0.05096191358566285,1,0,1,-29.416506,-30.0,-0.5834942,0.0,-33.898247,0.20701465
16.00608458699935,1,160,0.002961913585662848,1,0,1,-29.416506,-30.0,-0.5834942,0.0,-33.904083,0.20702867
16.10704998199799,1,161,-0.04503808641433715,1,0,1,-29.416315,-30.0,-0.5836849,0.0,-33.90992,0.20704478
16.20678867099923,1,162,-0.043518826365470886,1,0,1,-29.416315,-30.0,-0.5836849,0.0,-33.915756,0.20705703
16.307019046998903,1,163,0.004481173634529115,1,0,1,-29.416315,-30.0,-0.5836849,0.0,-33.921593,0.20707013
16.407235456001217,1,164,-0.043518826365470886,1,0,1,-29.416306,-30.0,-0.58369446,0.0,-33.92743,0.2070828
16.507678152000153,1,165,-0.09151882636547089,1,0,1,-29.416306,-30.0,-0.58369446,0.0,-33.933266,0.20709419
16.606973204001406,1,166,-0.1395188263654709,1,0,1,-29.416853,-30.0,-0.58314705,0.0,-33.939102,0.20709628
16.7077768449999,1,167,-0.09151882636547089,1,0,1,-29.416853,-30.0,-0.58314705,0.0,-33.94494,0.20710728
16.806364814998233,1,168,-0.043518826365470886,1,0,1,-29.416853,-30.0,-0.58314705,0.0,-33.950775,0.20711786
16.906787118001375,1,169,0.004481173634529115,1,0,1,-29.418253,-30.0,-0.58174706,0.0,-33.95661,0.20710386
17.006564079998498,1,170,-0.032297760248184204,1,0,1,-29.418253,-30.0,-0.58174706,0.0,-33.96245,0.20711453
17.106596942998294,1,171,-0.05760900974273682,1,0,1,-29.418253,-30.0,-0.58174706,0.0,-33.968285,0.2071257
17.206171362999157,1,172,-0.08753393888473511,1,0,1,-29.420683,-30.0,-0.5793171,0.0,-33.974083,0.20709166
17.30564716599838,1,173,-0.03953393888473511,1,0,1,-29.420683,-30.0,-0.5793171,0.0,-33.97988,0.20710197
17.406220886001393,1,174,0.008466061115264892,1,0,1,-29.424343,-30.0,-0.5756569,0.0,-33.985664,0.20704733
17.506462157998612,1,175,0.05646606111526489,1,0,1,-29.424343,-30.0,-0.5756569,0.0,-33.991425,0.20705807
17.606526589999703,1,176,0.008466061115264892,1,0,1,-29.424343,-30.0,-0.5756569,0.0,-33.997185,0.20706955
17.706138444998942,1,177,0.05646606111526489,1,0,1,-29.429298,-30.0,-0.5707016,0.0,-34.00291,0.20698985
17.80644816199856,1,178,0.008466061115264892,1,0,1,-29.429298,-30.0,-0.5707016,0.0,-34.008633,0.20700103
17.906149973998254,1,179,-0.00975307896733284,1,0,1,-29.435417,-30.0,-0.5645828,0.0,-34.01433,0.20690082
18.00556096299988,1,180,0.038246921032667164,1,0,1,-29.435417,-30.0,-0.5645828,0.0,-34.019978,0.20691307
18.106970553999417,1,181,0.08624692103266716,1,0,1,-29.435417,-30.0,-0.5645828,0.0,-34.025623,0.20692489
18.207019340999977,1,182,0.038246921032667164,1,0,1,-29.442347,-30.0,-0.5576534,0.0,-34.031216,0.20681134
18.307461199998215,1,183,0.08624692103266716,1,0,1,-29.442347,-30.0,-0.5576534,0.0,-34.036785,0.2068243
18.407009916998504,1,184,0.038246921032667164,1,0,1,-29.44963,-30.0,-0.55036926,7.284164,-34.042347,0.2068369
18.506806434997998,1,185,0.010390755534172059,1,0,1,-29.44963,-30.0,-0.55036926,0.0,-34.04784,0.20671862
18.606557694998628,1,186,0.058390755534172056,1,0,1,-29.44963,-30.0,-0.55036926,0.0,-34.053333,0.20673232
18.706311748999724,1,187,0.10639075553417206,1,0,1,-29.456741,-30.0,-0.54325867,0.0,-34.05879,0.20661716
18.806053231000988,1,188,0.15439075553417206,1,0,1,-29.456741,-30.0,-0.54325867,0.0,-34.064205,0.20663212
18.906692881999334,1,189,0.10639075553417206,1,0,1,-29.456741,-30.0,-0.54325867,0.0,-34.069622,0.2066474
19.007891270000982,1,190,0.058390755534172056,1,0,1,-29.463043,-30.0,-0.5369568,0.0,-34.075,0.20654869
19.106698265000887,1,191,0.010390755534172055,1,0,1,-29.463043,-30.0,-0.5369568,0.0,-34.08038,0.20656368
19.20677415099999,1,192,0.058390755534172056,1,0,1,-29.468334,-30.0,-0.5316658,0.0,-34.085728,0.20648141
19.306131779998395,1,193,0.010390755534172055,1,0,1,-29.468334,-30.0,-0.5316658,0.0,-34.09103,0.20649947
19.40855855100017,1,194,-0.037609244465827946,1,0,1,-29.468334,-30.0,-0.5316658,0.0,-34.096333,0.20651458
19.50738174900107,1,195,-0.08560924446582795,1,0,1,-29.47291,-30.0,-0.5270901,0.0,-34.1016,0.20644788
19.606538233998435,1,196,-0.037609244465827946,1,0,1,-29.47291,-30.0,-0.5270901,0.0,-34.106865,0.20646308
19.706048677999206,1,197,0.010390755534172055,1,0,1,-29.476896,-30.0,-0.5231037,0.0,-34.112118,0.20640492
19.806912661999377,1,198,0.058390755534172056,1,0,1,-29.476896,-30.0,-0.5231037,0.0,-34.117344,0.20642215
19.90618955500031,1,199,0.010390755534172055,1,0,1,-29.476896,-30.0,-0.5231037,0.0,-34.12257,0.206437
20.007483206998586,1,200,0.058390755534172056,1,0,1,-29.479977,-30.0,-0.52002335,0.0,-34.12777,0.2063986
20.106149679999362,1,201,0.010390755534172055,1,0,1,-29.479977,-30.0,-0.52002335,0.0,-34.132957,0.20641457
20.20697902200118,1,202,-0.001390969660133124,1,0,1,-29.481789,-30.0,-0.51821136,0.0,-34.138145,0.20639703
20.306476894998923,1,203,0.04660903033986688,1,0,1,-29.481789,-30.0,-0.51821136,0.0,-34.143333,0.2064142
20.4069757440011,1,204,-0.0013909696601331206,1,0,1,-29.481789,-30.0,-0.51821136,0.0,-34.14852,0.20642936
20.506060430998332,1,205,0.04660903033986688,1,0,1,-29.440233,-30.0,-0.55976677,-2.3784637,-34.15381,0.20800103
20.60773011299898,1,206,0.08081482648849488,1,0,1,-29.280132,-30.0,-0.7198677,-66.98418,-34.160324,0.2101993
20.70626975200139,1,207,0.032814826488494875,1,0,1,-29.282894,-30.0,-0.71710587,-25.110243,-34.16733,0.2118725
20.806383352999546,1,208,0.08081482648849488,1,0,1,-29.268925,-30.0,-0.7310753,52.618023,-34.175156,0.21437168
20.90668468899821,1,209,0.12881482648849488,1,0,1,-29.26849,-30.0,-0.73151016,41.95213,-34.18257,0.2156602
21.0068499730005,1,210,0.08081482648849488,1,0,1,-29.190836,-30.0,-0.80916405,-34.585953,-34.189693,0.2171249
21.107763126001373,1,211,0.11253085136413575,1,0,1,-29.315632,-30.0,-0.68436813,0.31661984,-34.197056,0.21744452
21.206069492000097,1,212,0.06453085136413575,1,0,1,-29.322502,-30.0,-0.67749786,-4.1484833,-34.2032,0.21852282
21.306916992998595,1,213,0.01653085136413575,1,0,1,-29.21193,-30.0,-0.7880707,-22.510527,-34.21061,0.22069833
21.4071135660015,1,214,0.06453085136413575,1,0,1,-29.033173,-30.0,-0.9668274,-23.365019,-34.219433,0.2243885
21.506623451998166,1,215,0.11253085136413575,1,0,1,-29.14043,-30.0,-0.85956955,-27.208326,-34.22777,0.22471759
21.60732344599819,1,216,0.16053085136413575,1,0,1,-29.083145,-30.0,-0.91685486,-103.099815,-34.234722,0.22632532
21.70616480299941,1,217,0.11253085136413575,1,0,1,-28.98624,-30.0,-1.0137596,34.22165,-34.243664,0.23021565
21.806220853999548,1,218,0.06453085136413575,1,0,1,-28.978523,-30.0,-1.0214767,-2.5959013,-34.253094,0.2316328
21.906049778001034,1,219,0.01653085136413575,1,0,1,-29.06645,-30.0,-0.9335499,-24.082182,-34.262222,0.23181914
22.005907757000386,1,220,0.06453085136413575,1,0,1,-29.00534,-30.0,-0.9946594,-5.998611,-34.272076,0.23451225
22.10676754999804,1,221,0.11253085136413575,1,0,1,-28.811575,-30.0,-1.1884251,-9.805679,-34.282597,0.23884976
22.206549539998377,1,222,0.06453085136413575,1,0,1,-28.90102,-30.0,-1.09898,15.186309,-34.294006,0.23982096
22.306108593998943,1,223,0.07199320793151856,1,0,1,-29.071938,-30.0,-0.92806244,-12.042998,-34.30401,0.23931979
22.407428227998025,1,224,0.02399320793151856,1,0,1,-29.0649,-30.0,-0.93510056,63.219067,-34.314022,0.24211599
22.506414577001124,1,225,0.07199320793151856,1,0,1,-28.940529,-30.0,-1.0594711,-1.1081696,-34.323654,0.2448879
22.606212211998354,1,226,0.02399320793151856,1,0,1,-29.062082,-30.0,-0.9379177,33.481598,-34.334057,0.24542455
22.70559358799801,1,227,0.07199320793151856,1,0,1,-29.05921,-30.0,-0.9407902,-25.310514,-34.342922,0.24678436
22.806448631999956,1,228,0.02399320793151856,1,0,1,-29.17006,-30.0,-0.8299408,48.85673,-34.351025,0.24804336
22.906912280999677,1,229,0.07199320793151856,1,0,1,-29.32297,-30.0,-0.67703056,-161.23389,-34.356712,0.24506217
23.00664817500001,1,230,0.02399320793151856,1,0,1,-28.76036,-30.0,-1.2396393,27.894972,-34.36713,0.25538063
23.10700314999849,1,231,0.07199320793151856,1,0,1,-28.734537,-30.0,-1.2654629,-78.24707,-34.37755,0.25662127
23.207242745000258,1,232,0.02399320793151856,1,0,1,-29.259405,-30.0,-0.74059486,85.35766,-34.389465,0.25311795
23.30675067500124,1,233,0.07199320793151856,1,0,1,-29.385355,-30.0,-0.614645,-146.27838,-34.394264,0.2513594
23.406266426998627,1,234,0.02399320793151856,1,0,1,-29.414686,-30.0,-0.5853138,30.656813,-34.402294,0.2538958
23.505598913998256,1,235,0.07199320793151856,1,0,1,-29.019855,-30.0,-0.9801445,-127.78663,-34.4088,0.2587583
23.606372662001377,1,236,0.11999320793151856,1,0,1,-29.796553,-30.0,-0.20344734,-56.98013,-34.41353,0.2508362
23.705517132999375,1,237,0.14052119255065917,1,0,1,-29.601917,-30.0,-0.39808273,52.337643,-34.41787,0.2550462
23.806554325001343,1,238,0.1885211925506592,1,0,1,-29.597471,-30.0,-0.40252876,-126.163475,-34.420982,0.25394344
23.90577059499992,1,239,0.1405211925506592,1,0,1,-29.437216,-30.0,-0.5627842,-9.195328,-34.426758,0.25798976
24.00710140299998,1,240,0.0925211925506592,1,0,1,-29.541286,-30.0,-0.45871353,-38.843155,-34.43105,0.25743064
24.10650596599953,1,241,0.12978755235672,1,0,1,-29.341526,-30.0,-0.65847397,-62.931057,-34.436317,0.26045159
24.206044346999988,1,242,0.08178755235671999,1,0,1,-29.533913,-30.0,-0.46608734,19.992828,-34.442234,0.25993523
24.3062132619998,1,243,0.12978755235672,1,0,1,-29.303328,-30.0,-0.69667244,2.1686554,-34.448284,0.263741
24.406314849999035,1,244,0.08178755235671999,1,0,1,-29.40918,-30.0,-0.5908203,-28.516768,-34.45439,0.2631342
24.505951568000455,1,245,0.033787552356719985,1,0,1,-29.079035,-30.0,-0.9209652,12.498855,-34.462334,0.2691063
24.60573691099853,1,246,0.08178755235671999,1,0,1,-28.387972,-30.0,-1.6120281,-134.2659,-34.473454,0.27785552
24.706443331000628,1,247,0.11276752948760987,1,0,1,-28.2244,-30.0,-1.7756004,34.109116,-34.49198,0.28375933
24.806242082999233,1,248,0.06476752948760987,1,0,1,-28.058437,-30.0,-1.9415627,15.750884,-34.510735,0.2891701
24.9058634360008,1,249,0.11276752948760987,1,0,1,-28.014736,-30.0,-1.9852638,-20.761488,-34.52989,0.29273206
25.00663578699823,1,250,0.07541945576667786,1,0,1,-28.389572,-30.0,-1.6104279,16.153336,-34.547558,0.2919089
25.10670915800074,1,251,0.027419455766677855,1,0,1,-28.199207,-30.0,-1.8007927,-54.445263,-34.56453,0.29661372
25.20681689200137,1,252,-0.020580544233322146,1,0,1,-28.230757,-30.0,-1.7692432,67.193985,-34.58282,0.30092344
25.307058162998146,1,253,-0.06858054423332215,1,0,1,-28.22216,-30.0,-1.7778397,-166.00035,-34.599216,0.30175936
25.40787325799829,1,254,-0.020580544233322146,1,0,1,-28.418314,-30.0,-1.581686,145.74623,-34.618965,0.30567357
25.507987136999873,1,255,-0.041049569845199585,1,0,1,-28.76683,-30.0,-1.2331696,67.69943,-34.63207,0.3038777
25.6069662230002,1,256,0.006950430154800416,1,0,1,-28.2765,-30.0,-1.7234993,134.81712,-34.648396,0.31319866
25.706865546999325,1,257,0.05495043015480042,1,0,1,-28.50551,-30.0,-1.4944897,-87.0819,-34.66205,0.31090623
25.807023287998163,1,258,0.07611440420150757,1,0,1,-28.682348,-30.0,-1.3176517,80.61027,-34.67653,0.3131398
25.906681518001278,1,259,0.12411440420150757,1,0,1,-28.886913,-30.0,-1.1130867,61.782833,-34.6879,0.31287277
26.00778156800152,1,260,0.07611440420150757,1,0,1,-29.80721,-30.0,-0.19278908,233.55673,-34.69668,0.3047747
26.10654162799983,1,261,0.12411440420150757,1,0,1,-30.81196,-30.0,0.8119602,151.59798,-34.69263,0.2925096
26.20649878200129,1,262,0.1721144042015076,1,0,1,-30.453737,-30.0,0.45373726,-72.11113,-34.685516,0.2939105
26.306121811001503,1,263,0.12411440420150759,1,0,1,-30.388288,-30.0,0.3882885,12.55989,-34.682125,0.29438806
26.406495224000537,1,264,0.1721144042015076,1,0,1,-30.848743,-30.0,0.84874344,-122.82943,-34.67402,0.28637847
26.506196755999554,1,265,0.1899014711380005,1,0,1,-30.29313,-30.0,0.29313087,-82.99827,-34.66917,0.29227558
26.607096218998777,1,266,0.19999841451644898,1,0,1,-28.700918,-30.0,-1.2990818,-309.45776,-34.67204,0.3096683
26.70652871999846,1,267,0.17455708980560303,1,0,1,-28.069933,-30.0,-1.9300671,42.99354,-34.6913,0.32221293
26.807701683999767,1,268,0.12655708980560304,1,0,1,-28.285576,-30.0,-1.7144241,50.746914,-34.709618,0.32321146
26.90629775599882,1,269,0.07855708980560304,1,0,1,-28.667795,-30.0,-1.3322048,10.641097,-34.72474,0.321063
27.006577300999197,1,270,0.030557089805603038,1,0,1,-28.788319,-30.0,-1.2116814,-15.220641,-34.7375,0.32204175
27.106550936998246,1,271,-0.017442910194396963,1,0,1,-28.56184,-30.0,-1.43816,32.9628,-34.75125,0.3279293
27.206208049999987,1,272,0.030557089805603038,1,0,1,-28.692915,-30.0,-1.307085,11.068343,-34.764786,0.32844815
27.306154029000027,1,273,0.046989747881889345,1,0,1,-28.627407,-30.0,-1.3725929,17.555237,-34.778748,0.33177242
27.406241927001247,1,274,-0.0010102521181106563,1,0,1,-28.837059,-30.0,-1.162941,4.005432,-34.791344,0.331641
27.505739519998315,1,275,-0.04901025211811066,1,0,1,-28.663769,-30.0,-1.3362312,70.812225,-34.804264,0.33677885
27.60674765799922,1,276,-0.0010102521181106563,1,0,1,-28.897163,-30.0,-1.1028366,13.320922,-34.81553,0.33575356
27.70721940799922,1,277,-0.04901025211811066,1,0,1,-28.864101,-30.0,-1.1358986,-29.037474,-34.826527,0.3375714
27.807109233999654,1,278,-0.09701025211811065,1,0,1,-29.016115,-30.0,-0.9838848,32.169342,-34.837437,0.3383938
27.90694570100095,1,279,-0.04901025211811065,1,0,1,-28.994759,-30.0,-1.0052414,33.09822,-34.846767,0.34083894
28.006588285999896,1,280,-0.09701025211811065,1,0,1,-28.97343,-30.0,-1.0265694,-41.271206,-34.85612,0.34168527
28.107832210000197,1,281,-0.05130290389060974,1,0,1,-28.908325,-30.0,-1.0916748,-2.76947,-34.8667,0.34493798
28.20626959999936,1,282,-0.09930290389060975,1,0,1,-29.075346,-30.0,-0.924654,3.3187864,-34.87704,0.34459186
28.305956883999897,1,283,-0.05130290389060975,1,0,1,-29.140574,-30.0,-0.8594265,10.536193,-34.886425,0.34570152
28.408153174998006,1,284,-0.0033029038906097485,1,0,1,-29.021723,-30.0,-0.9782772,-31.780241,-34.895355,0.3485631
28.507077225000103,1,285,0.04469709610939025,1,0,1,-29.059414,-30.0,-0.9405861,23.26393,-34.9049,0.35033202
28.610267788000783,1,286,-0.0033029038906097485,1,0,1,-29.17404,-30.0,-0.82596016,21.732328,-34.91358,0.35050488
28.706043636000686,1,287,-0.05130290389060975,1,0,1,-29.192398,-30.0,-0.8076019,11.909484,-34.920746,0.3519524
28.805793218998588,1,288,-0.09930290389060975,1,0,1,-29.39217,-30.0,-0.60783005,17.105103,-34.927765,0.35061365
28.90637951000099,1,289,-0.05130290389060975,1,0,1,-29.072762,-30.0,-0.92723846,-15.380858,-34.93583,0.35556272
29.006201449999935,1,290,-0.08470653295516968,1,0,1,-29.185528,-30.0,-0.8144722,31.73065,-34.94469,0.356231
29.106105243998172,1,291,-0.03670653295516968,1,0,1,-29.198761,-30.0,-0.801239,-11.657714,-34.95268,0.3572036
29.20716310900025,1,292,0.011293467044830321,1,0,1,-29.441013,-30.0,-0.55898666,-0.81634516,-34.95915,0.35567978
29.307049023998843,1,293,0.05016484260559082,1,0,1,-29.222456,-30.0,-0.777544,13.416289,-34.966106,0.35979128
29.407741754999734,1,294,0.0021648426055908207,1,0,1,-29.422752,-30.0,-0.5772476,1.253128,-34.97218,0.35843942
29.506243678999454,1,295,-0.04583515739440918,1,0,1,-29.523031,-30.0,-0.47696877,-13.366698,-34.97726,0.3580196
29.607108500000322,1,296,0.0021648426055908207,1,0,1,-29.520082,-30.0,-0.47991753,23.147581,-34.981987,0.35943866
29.70590403999813,1,297,-0.004501035809516907,1,0,1,-29.49843,-30.0,-0.50156975,-15.718459,-34.986343,0.36006287
29.807060242997977,1,298,0.043498964190483096,1,0,1,-29.735573,-30.0,-0.26442719,-9.880066,-34.98987,0.35787302
29.90812090200052,1,299,0.08798777461051942,1,0,1,-29.660244,-30.0,-0.339756,2.9850004,-34.99263,0.35967955
30.00727375399947,1,300,0.0,1,1,1,-29.526487,-30.0,-0.47351265,37.000656,-34.996964,0.3622767
31.74540959799924,2,1,0.048,1,0,1,-29.854315,-30.0,-0.1456852,18.598557,-35.020973,0.36146572
31.85025301299902,2,2,0.03475687503814697,1,0,1,-29.50224,-30.0,-0.49776077,7.1830745,-35.024006,0.3664738
31.94998715100155,2,3,0.018654395639896394,1,0,1,-29.61727,-30.0,-0.38273048,19.60373,-35.02809,0.3656631
32.04944974699902,2,4,-0.029345604360103607,1,0,1,-29.553278,-30.0,-0.44672203,-37.549973,-35.032513,0.36631384
32.148806465000234,2,5,-0.07734560436010361,1,0,1,-29.475307,-30.0,-0.52469254,-26.84593,-35.036343,0.36850643
32.25060230699819,2,6,-0.030290079116821286,1,0,1,-29.809082,-30.0,-0.19091797,12.52365,-35.03947,0.36551946
32.35041019900018,2,7,-0.07829007911682129,1,0,1,-29.529303,-30.0,-0.4706974,-23.02551,-35.042347,0.369236
32.44929256099931,2,8,-0.030290079116821286,1,0,1,-29.472363,-30.0,-0.5276375,69.89288,-35.047543,0.3714607
32.549925971998164,2,9,-0.07762814164161683,1,0,1,-29.252754,-30.0,-0.7472458,-11.45172,-35.05427,0.37411445
32.65001210999981,2,10,-0.029628141641616826,1,0,1,-29.39079,-30.0,-0.60920906,27.944563,-35.06061,0.37436363
32.75014546099919,2,11,-0.07762814164161683,1,0,1,-29.449684,-30.0,-0.55031586,42.379375,-35.066837,0.37453416
32.84966477099806,2,12,-0.029628141641616826,1,0,1,-29.474228,-30.0,-0.5257721,-3.5438535,-35.073166,0.3748227
32.94953188799991,2,13,0.018371858358383175,1,0,1,-29.635643,-30.0,-0.364357,-6.820678,-35.07628,0.37434706
33.04906823900092,2,14,-0.029628141641616826,1,0,1,-29.562828,-30.0,-0.43717194,49.1085,-35.081074,0.3762125
33.149690475998796,2,15,-0.0035175748169422143,1,0,1,-29.54607,-30.0,-0.4539299,13.652801,-35.085262,0.3768479
33.24968805900062,2,16,-0.05151757481694222,1,0,1,-29.622189,-30.0,-0.37781143,-3.8242338,-35.089237,0.37651584
33.349450976998924,2,17,-0.0035175748169422177,1,0,1,-29.605255,-30.0,-0.39474487,43.9949,-35.092735,0.37813854
33.44993437299854,2,18,0.04448242518305778,1,0,1,-29.692074,-30.0,-0.30792618,38.654327,-35.096943,0.37745115
33.55030015699958,2,19,-0.0035175748169422177,1,0,1,-29.53652,-30.0,-0.46348,8.651733,-35.100483,0.37983322
33.64892941799917,2,20,0.04448242518305778,1,0,1,-29.812077,-30.0,-0.18792343,28.152464,-35.103813,0.3771618
33.750140836000355,2,21,0.09248242518305778,1,0,1,-29.86513,-30.0,-0.13487053,13.755797,-35.10531,0.376876
33.850417502999335,2,22,0.10610089302062989,1,0,1,-29.707357,-30.0,-0.2926426,-1.9817351,-35.10754,0.3789699
33.95035390499834,2,23,0.05810089302062989,1,0,1,-29.840948,-30.0,-0.1590519,37.643433,-35.1096,0.37837577
34.049522337998496,2,24,0.010100893020629886,1,0,1,-30.005007,-30.0,0.00500679,20.748137,-35.110447,0.37627393
34.14986912599852,2,25,0.05810089302062989,1,0,1,-29.79137,-30.0,-0.20862961,-23.157118,-35.11188,0.37858778
34.249989632000506,2,26,0.010100893020629886,1,0,1,-29.963074,-30.0,-0.03692627,-42.68646,-35.112312,0.37654382
34.35035653600062,2,27,-0.037899106979370115,1,0,1,-29.972506,-30.0,-0.02749443,44.517513,-35.113632,0.37739813
34.450231202001305,2,28,0.010100893020629886,1,0,1,-30.090153,-30.0,0.09015274,10.187148,-35.11344,0.37565714
34.54955440499907,2,29,0.05810089302062989,1,0,1,-30.068426,-30.0,0.06842613,98.1903,-35.11384,0.37695
34.64945728699968,2,30,0.039323887228965765,1,0,1,-30.304123,-30.0,0.30412292,40.88592,-35.111473,0.3734739
34.749479457001144,2,31,0.05938035845756531,1,0,1,-30.278208,-30.0,0.27820778,-40.97366,-35.10838,0.37230822
34.850044151000475,2,32,0.10531861782073976,1,0,1,-30.130985,-30.0,0.13098526,-4.1713715,-35.10656,0.37415838
34.94961235500159,2,33,0.057318617820739756,1,0,1,-30.097507,-30.0,0.09750748,95.75652,-35.106342,0.37535092
35.04989573000057,2,34,0.05253030061721802,1,0,1,-30.22248,-30.0,0.22248077,-15.701293,-35.103954,0.37243688
35.14944605599885,2,35,0.004530300617218021,1,0,1,-30.200111,-30.0,0.20011139,-13.544082,-35.10179,0.37231848
35.25024262399893,2,36,0.05253030061721802,1,0,1,-30.226904,-30.0,0.22690392,0.7038116,-35.100094,0.37157685
35.3495568899998,2,37,0.004530300617218021,1,0,1,-30.022863,-30.0,0.022863388,-30.641554,-35.09815,0.37377006
35.4496184540003,2,38,0.05253030061721802,1,0,1,-30.17942,-30.0,0.17942047,16.300201,-35.096756,0.37194926
35.54929002599965,2,39,0.004530300617218021,1,0,1,-30.212223,-30.0,0.21222305,53.21693,-35.095078,0.37158313
35.65052044600088,2,40,0.05253030061721802,1,0,1,-30.279596,-30.0,0.27959633,27.511595,-35.09269,0.3701108
35.74951931000032,2,41,0.004530300617218021,1,0,1,-30.21106,-30.0,0.21105957,23.834227,-35.090687,0.3704413
35.8505709380006,2,42,-0.04346969938278198,1,0,1,-30.228994,-30.0,0.22899437,-30.72357,-35.088333,0.36913413
35.9504970099988,2,43,0.004530300617218021,1,0,1,-29.96137,-30.0,-0.03862953,71.39397,-35.088745,0.37353587
36.04906900700007,2,44,0.05253030061721802,1,0,1,-30.115799,-30.0,0.11579895,3.1890867,-35.087635,0.37087044
36.149937373000284,2,45,0.10053030061721802,1,0,1,-30.134684,-30.0,0.13468361,2.2830963,-35.086563,0.37018695
36.25012353499915,2,46,0.052530300617218015,1,0,1,-30.09344,-30.0,0.0934391,-40.43388,-35.085243,0.37020782
36.349821091000194,2,47,0.10053030061721802,1,0,1,-29.897017,-30.0,-0.102983475,-64.44931,-35.08501,0.37215558
36.451243716001045,2,48,0.0650225281715393,1,0,1,-30.05644,-30.0,0.056440353,64.86511,-35.08525,0.3716631
36.548535672998696,2,49,0.017022528171539306,1,0,1,-30.1728,-30.0,0.17280006,-31.059263,-35.08409,0.3689456
36.64882380299969,2,50,-0.030977471828460695,1,0,1,-30.15115,-30.0,0.15114975,-10.206222,-35.082085,0.36938593
36.75029894799809,2,51,0.011411959677934645,1,0,1,-30.18142,-30.0,0.18141937,-12.233733,-35.080082,0.3685743
36.84973809299845,2,52,0.009275251626968383,1,0,1,-30.200228,-30.0,0.20022774,-37.189484,-35.077904,0.36748388
36.95159065799817,2,53,0.057275251626968386,1,0,1,-30.03173,-30.0,0.03173065,-42.985912,-35.077057,0.36932874
37.05059734799943,2,54,0.10527525162696838,1,0,1,-30.04757,-30.0,0.047569275,-12.977599,-35.07579,0.36944106
37.1489788229992,2,55,0.15327525162696837,1,0,1,-30.405575,-30.0,0.4055748,74.60785,-35.07399,0.36550668
37.249605823999445,2,56,0.10527525162696837,1,0,1,-30.336395,-30.0,0.33639526,2.4662018,-35.069885,0.36522764
37.349754554001265,2,57,0.057275251626968365,1,0,1,-30.55541,-30.0,0.5554104,34.94072,-35.065563,0.3620831
37.45066427100028,2,58,0.009275251626968364,1,0,1,-30.352184,-30.0,0.3521843,-31.082151,-35.061462,0.36281323
37.54939886400098,2,59,-0.03872474837303164,1,0,1,-30.295876,-30.0,0.29587555,-8.932114,-35.05817,0.36333472
37.649445627001114,2,60,0.009275251626968364,1,0,1,-30.403732,-30.0,0.4037323,-46.94366,-35.054302,0.36088222
37.75011481199908,2,61,-0.03872474837303164,1,0,1,-30.565723,-30.0,0.5657234,23.60916,-35.050037,0.35892782
37.85037668500081,2,62,-0.08672474837303164,1,0,1,-30.376825,-30.0,0.37682533,8.657455,-35.045853,0.36029807
37.9494375739996,2,63,-0.13472474837303164,1,0,1,-30.472559,-30.0,0.47255898,-25.72441,-35.041622,0.35789737
38.04939438200017,2,64,-0.08672474837303164,1,0,1,-30.478565,-30.0,0.47856522,-101.27639,-35.03685,0.35612562
38.15056614200148,2,65,-0.03872474837303164,1,0,1,-30.822178,-30.0,0.8221779,67.035675,-35.031597,0.3527747
38.250061443999584,2,66,0.009275251626968364,1,0,1,-30.498922,-30.0,0.49892235,-34.158707,-35.025238,0.35480404
38.350091168998915,2,67,0.057275251626968365,1,0,1,-30.500057,-30.0,0.5000572,31.167982,-35.019962,0.35451993
38.449730623000505,2,68,0.009275251626968364,1,0,1,-30.80516,-30.0,0.8051605,-7.6961513,-35.01348,0.34906483
38.54917927199858,2,69,0.057275251626968365,1,0,1,-30.733337,-30.0,0.7333374,-26.721952,-35.006016,0.3485664
38.65034768199985,2,70,0.08520360589027405,1,0,1,-30.603691,-30.0,0.6036911,-56.66923,-34.99979,0.3486096
38.749259953001456,2,71,0.1138035535812378,1,0,1,-30.985416,-30.0,0.9854164,-55.515285,-34.992527,0.34248766
38.84982885000136,2,72,0.0658035535812378,1,0,1,-30.48375,-30.0,0.4837494,0.55503845,-34.98595,0.34838253
38.95008821100055,2,73,0.1138035535812378,1,0,1,-30.591675,-30.0,0.5916748,-34.902573,-34.98137,0.34526485
39.049319515001116,2,74,0.1618035535812378,1,0,1,-30.474064,-30.0,0.47406387,25.598524,-34.97625,0.34669027
39.14905674699912,2,75,0.1138035535812378,1,0,1,-30.62541,-30.0,0.6254101,51.98669,-34.97117,0.3441382
39.25027823900018,2,76,0.0658035535812378,1,0,1,-30.717693,-30.0,0.7176933,58.980938,-34.9644,0.342114
39.34868402700158,2,77,0.02671585083007813,1,0,1,-30.773497,-30.0,0.7734966,-14.432906,-34.95711,0.33910716
39.44968621899898,2,78,0.07471585083007813,1,0,1,-30.594437,-30.0,0.59443665,-41.893,-34.949898,0.33999416
