time_s,episode,step,sof_hex,residual,timing_accurate,episode_done,checksum_hex,packet_bytes,packet_size,timestamp
31.74982169699797,2,1,0xBBBB,0.048,True,False,0xB23B,BBBB3D449BA60100B23B,10,17:50:25.023
31.85537706299874,2,2,0xBBBB,0.023784276843070985,True,False,0xC224,BBBB3CC2D73E0100C224,10,17:50:25.128
31.95423063099952,2,3,0xBBBB,-0.024215723156929016,True,False,0x791D,BBBBBCC6600D0100791D,10,17:50:25.227
32.05361863199869,2,4,0xBBBB,-0.07221572315692902,True,False,0x9349,BBBBBD93E5D601009349,10,17:50:25.327
32.154164341998694,2,5,0xBBBB,-0.12021572315692902,True,False,0x0B0C,BBBBBDF633A901000B0C,10,17:50:25.427
32.25537271599751,2,6,0xBBBB,-0.07221572315692902,True,False,0x9349,BBBBBD93E5D601009349,10,17:50:25.528
32.35548177099918,2,7,0xBBBB,-0.12021572315692902,True,False,0x0B0C,BBBBBDF633A901000B0C,10,17:50:25.628
32.455257538000296,2,8,0xBBBB,-0.07221572315692902,True,False,0x9349,BBBBBD93E5D601009349,10,17:50:25.728
32.554308619997755,2,9,0xBBBB,-0.05630608201026917,True,False,0x8020,BBBBBD66A13501008020,10,17:50:25.827
32.65483812599996,2,10,0xBBBB,-0.008306082010269167,True,False,0x2E3F,BBBBBC08163C01002E3F,10,17:50:25.928
32.753942007999285,2,11,0xBBBB,0.039693917989730834,True,False,0x3161,BBBB3D22961701003161,10,17:50:26.027
32.85515848399882,2,12,0xBBBB,0.07489327788352966,True,False,0x79E7,BBBB3D9961A6010079E7,10,17:50:26.128
32.95537705099923,2,13,0xBBBB,0.12289327788352966,True,False,0xA311,BBBB3DFBAF790100A311,10,17:50:26.228
33.05372803099817,2,14,0xBBBB,0.07489327788352966,True,False,0x79E7,BBBB3D9961A6010079E7,10,17:50:26.327
33.154605351999635,2,15,0xBBBB,0.02689327788352966,True,False,0x7AB2,BBBB3CDC4F4B01007AB2,10,17:50:26.427
33.25341338100043,2,16,0xBBBB,-0.02110672211647034,True,False,0xD3EE,BBBBBCACE8010100D3EE,10,17:50:26.526
33.35479971299719,2,17,0xBBBB,0.02689327788352966,True,False,0x7AB2,BBBB3CDC4F4B01007AB2,10,17:50:26.628
33.453911417997006,2,18,0xBBBB,0.07489327788352966,True,False,0x79E7,BBBB3D9961A6010079E7,10,17:50:26.727
33.55390369499946,2,19,0xBBBB,0.02689327788352966,True,False,0x7AB2,BBBB3CDC4F4B01007AB2,10,17:50:26.827
33.653818866998336,2,20,0xBBBB,0.033311793208122255,True,False,0xB45F,BBBB3D0871F20100B45F,10,17:50:26.927
33.7530414799985,2,21,0xBBBB,0.08131179320812226,True,False,0xD4E5,BBBB3DA686CC0100D4E5,10,17:50:27.026
33.85328993899748,2,22,0xBBBB,0.12931179320812225,True,False,0x80E8,BBBB3E046A50010080E8,10,17:50:27.126
33.95362779599964,2,23,0xBBBB,0.1752077341079712,True,False,0xF19C,BBBB3E3369A80100F19C,10,17:50:27.227
34.05490964300043,2,24,0xBBBB,0.1272077341079712,True,False,0xD558,BBBB3E0242BF0100D558,10,17:50:27.328
34.15364922599838,2,25,0xBBBB,0.0792077341079712,True,False,0x37D3,BBBB3DA237AA010037D3,10,17:50:27.427
34.25419996299752,2,26,0xBBBB,0.031207734107971202,True,False,0xD9A3,BBBB3CFFA75D0100D9A3,10,17:50:27.527
34.354035513999406,2,27,0xBBBB,0.0792077341079712,True,False,0x37D3,BBBB3DA237AA010037D3,10,17:50:27.627
34.45451082100044,2,28,0xBBBB,0.11974613666534424,True,False,0xD964,BBBB3DF53D760100D964,10,17:50:27.727
34.554253899998,2,29,0xBBBB,0.12232213020324707,True,False,0x5F14,BBBB3DFA840601005F14,10,17:50:27.827
34.654234162997454,2,30,0xBBBB,0.17032213020324707,True,False,0xDA60,BBBB3E2E68ED0100DA60,10,17:50:27.927
34.753595622998546,2,31,0xBBBB,0.12232213020324707,True,False,0x5F14,BBBB3DFA840601005F14,10,17:50:28.026
34.85477521999928,2,32,0xBBBB,0.08533740639686585,True,False,0x7080,BBBB3DAEC56101007080,10,17:50:28.128
34.954138634999254,2,33,0xBBBB,0.03733740639686585,True,False,0xAAD1,BBBB3D18EF1C0100AAD1,10,17:50:28.227
35.05441558899838,2,34,0xBBBB,0.07743320465087891,True,False,0xBD10,BBBB3D9E954D0100BD10,10,17:50:28.327
35.15411285099981,2,35,0xBBBB,0.02943320465087891,True,False,0xE5CE,BBBB3CF11DE70100E5CE,10,17:50:28.427
35.25465855799848,2,36,0xBBBB,0.07743320465087891,True,False,0xBD10,BBBB3D9E954D0100BD10,10,17:50:28.528
35.35332913599996,2,37,0xBBBB,0.02943320465087891,True,False,0xE5CE,BBBB3CF11DE70100E5CE,10,17:50:28.626
35.45486185600021,2,38,0xBBBB,0.07743320465087891,True,False,0xBD10,BBBB3D9E954D0100BD10,10,17:50:28.728
35.5540718969969,2,39,0xBBBB,0.05873593091964722,True,False,0x7989,BBBB3D70951601007989,10,17:50:28.827
35.654895018997195,2,40,0xBBBB,0.10673593091964723,True,False,0xDB13,BBBB3DDA985E0100DB13,10,17:50:28.928
35.7541285269981,2,41,0xBBBB,0.058735930919647225,True,False,0x7989,BBBB3D70951601007989,10,17:50:29.027
35.85423338799956,2,42,0xBBBB,0.010735930919647224,True,False,0x5D46,BBBB3C2FE5C201005D46,10,17:50:29.127
35.95341744699908,2,43,0xBBBB,0.058735930919647225,True,False,0x7989,BBBB3D70951601007989,10,17:50:29.226
36.054964134997135,2,44,0xBBBB,0.10673593091964723,True,False,0xDB13,BBBB3DDA985E0100DB13,10,17:50:29.328
36.15453679699931,2,45,0xBBBB,0.1547359309196472,True,False,0xC867,BBBB3E1E73190100C867,10,17:50:29.427
36.254506163997576,2,46,0xBBBB,0.10673593091964721,True,False,0xDB13,BBBB3DDA985E0100DB13,10,17:50:29.527
36.35348097499809,2,47,0xBBBB,0.1547359309196472,True,False,0xC867,BBBB3E1E73190100C867,10,17:50:29.626
36.45555902399792,2,48,0xBBBB,0.19800888299942018,True,False,0xC710,BBBB3E4AC2D70100C710,10,17:50:29.728
36.55472464400009,2,49,0xBBBB,0.15000888299942017,True,False,0x5A56,BBBB3E199BEE01005A56,10,17:50:29.828
36.654345916998864,2,50,0xBBBB,0.10200888299942017,True,False,0x7221,BBBB3DD0EA0901007221,10,17:50:29.927
36.75479859299958,2,51,0xBBBB,0.08264465332031251,True,False,0xB16C,BBBB3DA9419A0100B16C,10,17:50:30.028
36.8548456239987,2,52,0xBBBB,0.03464465332031251,True,False,0xE48F,BBBB3D0DE78D0100E48F,10,17:50:30.128
36.954262955998274,2,53,0xBBBB,0.08264465332031251,True,False,0xB16C,BBBB3DA9419A0100B16C,10,17:50:30.227
37.055782823998015,2,54,0xBBBB,0.1306446533203125,True,False,0x1B14,BBBB3E05C7B601001B14,10,17:50:30.329
37.15450228999907,2,55,0xBBBB,0.17864465332031249,True,False,0x87F9,BBBB3E36EEA0010087F9,10,17:50:30.427
37.257205008998426,2,56,0xBBBB,0.1306446533203125,True,False,0x1B14,BBBB3E05C7B601001B14,10,17:50:30.530
37.35510508399966,2,57,0xBBBB,0.0826446533203125,True,False,0xB16C,BBBB3DA9419A0100B16C,10,17:50:30.628
37.45387343999755,2,58,0xBBBB,0.034644653320312496,True,False,0xE48F,BBBB3D0DE78D0100E48F,10,17:50:30.727
37.55562350899709,2,59,0xBBBB,-0.013355346679687505,True,False,0xB8DB,BBBBBC5AD0620100B8DB,10,17:50:30.829
37.65490590499758,2,60,0xBBBB,0.034644653320312496,True,False,0xE48F,BBBB3D0DE78D0100E48F,10,17:50:30.928
37.75345160299912,2,61,0xBBBB,-0.013355346679687505,True,False,0xB8DB,BBBBBC5AD0620100B8DB,10,17:50:31.026
37.8540157469979,2,62,0xBBBB,-0.061355346679687506,True,False,0x8089,BBBBBD7B4FBE01008089,10,17:50:31.127
37.95393035599773,2,63,0xBBBB,-0.013355346679687505,True,False,0xB8DB,BBBBBC5AD0620100B8DB,10,17:50:31.227
38.05381171999761,2,64,0xBBBB,0.034644653320312496,True,False,0xE48F,BBBB3D0DE78D0100E48F,10,17:50:31.327
38.15446107099706,2,65,0xBBBB,0.0826446533203125,True,False,0xB16C,BBBB3DA9419A0100B16C,10,17:50:31.427
38.25551439099945,2,66,0xBBBB,0.1306446533203125,True,False,0x1B14,BBBB3E05C7B601001B14,10,17:50:31.528
38.35407349899833,2,67,0xBBBB,0.12835071086883545,True,False,0xB33D,BBBB3E036E5E0100B33D,10,17:50:31.627
38.45539138099775,2,68,0xBBBB,0.15041651725769045,True,False,0xFD7D,BBBB3E1A06CA0100FD7D,10,17:50:31.728
38.555283919999056,2,69,0xBBBB,0.19841651725769044,True,False,0x0C58,BBBB3E4B2DB301000C58,10,17:50:31.828
38.65465208199748,2,70,0xBBBB,0.16199445724487305,True,False,0x847E,BBBB3E25E1E00100847E,10,17:50:31.928
38.75475191299847,2,71,0xBBBB,0.11399445724487305,True,False,0x54D3,BBBB3DE975ED010054D3,10,17:50:32.028
38.85366973099735,2,72,0xBBBB,0.06599445724487304,True,False,0xC398,BBBB3D87281A0100C398,10,17:50:32.127
38.954223256998375,2,73,0xBBBB,0.11399445724487305,True,False,0x54D3,BBBB3DE975ED010054D3,10,17:50:32.227
39.054212736999034,2,74,0xBBBB,0.15931485891342165,True,False,0xD7FA,BBBB3E23236F0100D7FA,10,17:50:32.327
39.155017416997,2,75,0xBBBB,0.11131485891342165,True,False,0x3280,BBBB3DE3F90B01003280,10,17:50:32.428
39.25593803499942,2,76,0xBBBB,0.06331485891342165,True,False,0x8DC8,BBBB3D81AB3901008DC8,10,17:50:32.529
39.35623929099893,2,77,0xBBBB,0.10438694953918458,True,False,0xF1C6,BBBB3DD5C8D30100F1C6,10,17:50:32.629
39.455739035998704,2,78,0xBBBB,0.15238694953918458,True,False,0x7E27,BBBB3E1C0B5301007E27,10,17:50:32.729
39.555204975997185,2,79,0xBBBB,0.17496576309204104,True,False,0x9828,BBBB3E332A3A01009828,10,17:50:32.828
39.65519920499719,2,80,0xBBBB,0.19354419708251955,True,False,0x9D73,BBBB3E46307301009D73,10,17:50:32.928
39.75453551799728,2,81,0xBBBB,0.14554419708251953,True,False,0x3C2B,BBBB3E15098A01003C2B,10,17:50:33.027
39.85492198099746,2,82,0xBBBB,0.09754419708251953,True,False,0xB3DD,BBBB3DC7C5410100B3DD,10,17:50:33.128
39.95348052799818,2,83,0xBBBB,0.1171926736831665,True,False,0xF1A4,BBBB3DF002B60100F1A4,10,17:50:33.226
40.05490680499861,2,84,0xBBBB,0.1651926736831665,True,False,0x3A41,BBBB3E29284501003A41,10,17:50:33.328
40.15444007299811,2,85,0xBBBB,0.12257354259490967,True,False,0xE201,BBBB3DFB07D60100E201,10,17:50:33.427
40.25469299699762,2,86,0xBBBB,0.09607931971549988,True,False,0xAB09,BBBB3DC4C53C0100AB09,10,17:50:33.528
40.35381168099775,2,87,0xBBBB,0.04807931971549988,True,False,0xA461,BBBB3D44EED20100A461,10,17:50:33.627
40.45363549299873,2,88,0xBBBB,7.931971549987593e-05,True,False,0x4DEE,BBBB38A6587301004DEE,10,17:50:33.727
40.55611443499947,2,89,0xBBBB,-0.047920680284500125,True,False,0x0CDD,BBBBBD44487A01000CDD,10,17:50:33.829
40.65514400000029,2,90,0xBBBB,-0.004195639118552211,True,False,0xCA7F,BBBBBB897B920100CA7F,10,17:50:33.928
40.75689322799735,2,91,0xBBBB,-0.05219563911855221,True,False,0x55A9,BBBBBD55CB18010055A9,10,17:50:34.030
40.85504333599965,2,92,0xBBBB,-0.10019563911855221,True,False,0xFC09,BBBBBDCD335F0100FC09,10,17:50:34.128
40.95404607999808,2,93,0xBBBB,-0.05219563911855221,True,False,0x55A9,BBBBBD55CB18010055A9,10,17:50:34.227
41.05578077999962,2,94,0xBBBB,-0.004195639118552211,True,False,0xCA7F,BBBBBB897B920100CA7F,10,17:50:34.329
41.15382556599798,2,95,0xBBBB,0.04380436088144779,True,False,0x205C,BBBB3D336C340100205C,10,17:50:34.427
41.25600055299947,2,96,0xBBBB,0.09180436088144779,True,False,0x10C5,BBBB3DBC03ED010010C5,10,17:50:34.529
41.35439147699799,2,97,0xBBBB,0.04380436088144779,True,False,0x205C,BBBB3D336C340100205C,10,17:50:34.627
41.45344562599712,2,98,0xBBBB,0.09180436088144779,True,False,0x10C5,BBBB3DBC03ED010010C5,10,17:50:34.726
41.554644494997774,2,99,0xBBBB,0.12583248615264894,True,False,0x5C4E,BBBB3E00DA3B01005C4E,10,17:50:34.828
41.654020476998994,2,100,0xBBBB,0.07783248615264894,True,False,0x0C7E,BBBB3D9F66A301000C7E,10,17:50:34.927
41.753887869999744,2,101,0xBBBB,0.12583248615264894,True,False,0x5C4E,BBBB3E00DA3B01005C4E,10,17:50:35.027
41.85323787000016,2,102,0xBBBB,0.07783248615264894,True,False,0x0C7E,BBBB3D9F66A301000C7E,10,17:50:35.126
41.95436605799841,2,103,0xBBBB,0.12583248615264894,True,False,0x5C4E,BBBB3E00DA3B01005C4E,10,17:50:35.227
42.053606265999406,2,104,0xBBBB,0.1711182236671448,True,False,0x3DBC,BBBB3E2F399E01003DBC,10,17:50:35.326
42.15530632399896,2,105,0xBBBB,0.1231182236671448,True,False,0x7EDE,BBBB3DFC256801007EDE,10,17:50:35.428
42.25337597299949,2,106,0xBBBB,0.08331545591354371,True,False,0x484F,BBBB3DAAA14B0100484F,10,17:50:35.526
42.354780456997105,2,107,0xBBBB,0.1313154559135437,True,False,0xD6A6,BBBB3E06778F0100D6A6,10,17:50:35.628
42.45383991299968,2,108,0xBBBB,0.08331545591354371,True,False,0x484F,BBBB3DAAA14B0100484F,10,17:50:35.727
42.55399673299689,2,109,0xBBBB,0.03531545591354371,True,False,0x02B6,BBBB3D10A6F1010002B6,10,17:50:35.827
42.654286811997736,2,110,0xBBBB,0.08331545591354371,True,False,0x484F,BBBB3DAAA14B0100484F,10,17:50:35.927
42.754938394999044,2,111,0xBBBB,0.03531545591354371,True,False,0x02B6,BBBB3D10A6F1010002B6,10,17:50:36.028
42.85449289299868,2,112,0xBBBB,0.08331545591354371,True,False,0x484F,BBBB3DAAA14B0100484F,10,17:50:36.127
42.954680721999466,2,113,0xBBBB,0.03531545591354371,True,False,0x02B6,BBBB3D10A6F1010002B6,10,17:50:36.228
43.05427656599932,2,114,0xBBBB,-0.012684544086456292,True,False,0xE597,BBBBBC4FD2D60100E597,10,17:50:36.327
43.15424983999765,2,115,0xBBBB,0.03531545591354371,True,False,0x02B6,BBBB3D10A6F1010002B6,10,17:50:36.427
43.2538171879969,2,116,0xBBBB,0.08331545591354371,True,False,0x484F,BBBB3DAAA14B0100484F,10,17:50:36.527
43.35440339900015,2,117,0xBBBB,0.10636858940124512,True,False,0xE0C0,BBBB3DD9D7C60100E0C0,10,17:50:36.627
43.454085567998845,2,118,0xBBBB,0.05836858940124512,True,False,0x0064,BBBB3D6F13E701000064,10,17:50:36.727
43.553738124999654,2,119,0xBBBB,0.041762495040893556,True,False,0x63C2,BBBB3D2B0F26010063C2,10,17:50:36.827
43.65462186399964,2,120,0xBBBB,0.031635919213294984,True,False,0x6A35,BBBB3D0194AA01006A35,10,17:50:36.928
43.7544730519985,2,121,0xBBBB,0.07963591921329499,True,False,0x0B46,BBBB3DA3182801000B46,10,17:50:37.027
43.85531991399694,2,122,0xBBBB,0.03163591921329499,True,False,0x6A35,BBBB3D0194AA01006A35,10,17:50:37.128
43.954392497998924,2,123,0xBBBB,-0.01636408078670501,True,False,0x2B20,BBBBBC860DF701002B20,10,17:50:37.227
44.054469136997795,2,124,0xBBBB,0.03163591921329499,True,False,0x6A35,BBBB3D0194AA01006A35,10,17:50:37.327
44.15424405699741,2,125,0xBBBB,-0.01636408078670501,True,False,0x2B20,BBBBBC860DF701002B20,10,17:50:37.427
44.25448636299916,2,126,0xBBBB,0.02458713054656983,True,False,0x9034,BBBB3CC96AF301009034,10,17:50:37.527
44.35362990700014,2,127,0xBBBB,-0.02341286945343017,True,False,0x33E0,BBBBBCBFCC59010033E0,10,17:50:37.627
44.454486825998174,2,128,0xBBBB,0.02458713054656983,True,False,0x9034,BBBB3CC96AF301009034,10,17:50:37.727
44.554289681997034,2,129,0xBBBB,0.07258713054656983,True,False,0x2A15,BBBB3D94A89001002A15,10,17:50:37.827
44.653651972999796,2,130,0xBBBB,0.12058713054656983,True,False,0x390F,BBBB3DF6F6630100390F,10,17:50:37.927
44.75522603399804,2,131,0xBBBB,0.09755796790122986,True,False,0xE25F,BBBB3DC7CC790100E25F,10,17:50:38.028
44.85464894699908,2,132,0xBBBB,0.04955796790122986,True,False,0x0F6D,BBBB3D4AFD4C01000F6D,10,17:50:38.128
44.95416880199991,2,133,0xBBBB,0.001557967901229862,True,False,0xC83A,BBBB3ACC34BA0100C83A,10,17:50:38.227
45.054555539998546,2,134,0xBBBB,-0.04644203209877014,True,False,0x673E,BBBBBD3E3A000100673E,10,17:50:38.327
45.15431034499852,2,135,0xBBBB,0.001557967901229862,True,False,0xC83A,BBBB3ACC34BA0100C83A,10,17:50:38.427
45.25437888200031,2,136,0xBBBB,0.04955796790122986,True,False,0x0F6D,BBBB3D4AFD4C01000F6D,10,17:50:38.527
45.35425940300047,2,137,0xBBBB,0.03577512502670288,True,False,0x2A97,BBBB3D1288F001002A97,10,17:50:38.627
45.45443717299713,2,138,0xBBBB,0.036923304200172424,True,False,0xDE3C,BBBB3D173CE40100DE3C,10,17:50:38.727
45.55450515099801,2,139,0xBBBB,0.08492330420017243,True,False,0x278C,BBBB3DADEC450100278C,10,17:50:38.827
45.65394426800049,2,140,0xBBBB,0.036923304200172424,True,False,0xDE3C,BBBB3D173CE40100DE3C,10,17:50:38.927
45.7540426969972,2,141,0xBBBB,-0.011076695799827577,True,False,0x890F,BBBBBC357B080100890F,10,17:50:39.027
45.85511724299795,2,142,0xBBBB,0.036923304200172424,True,False,0xDE3C,BBBB3D173CE40100DE3C,10,17:50:39.128
45.95388950399865,2,143,0xBBBB,-0.011076695799827577,True,False,0x890F,BBBBBC357B080100890F,10,17:50:39.227
46.054174829998374,2,144,0xBBBB,-0.05907669579982758,True,False,0x75D6,BBBBBD71FA68010075D6,10,17:50:39.327
46.1540327219991,2,145,0xBBBB,-0.011076695799827577,True,False,0x890F,BBBBBC357B080100890F,10,17:50:39.427
46.253274044000136,2,146,0xBBBB,-0.05907669579982758,True,False,0x75D6,BBBBBD71FA68010075D6,10,17:50:39.526
46.35447989399836,2,147,0xBBBB,-0.011076695799827577,True,False,0x890F,BBBBBC357B080100890F,10,17:50:39.627
46.455189582997264,2,148,0xBBBB,0.036923304200172424,True,False,0xDE3C,BBBB3D173CE40100DE3C,10,17:50:39.728
46.55411410099987,2,149,0xBBBB,-0.009625818580389023,True,False,0x8B10,BBBBBC1DB59C01008B10,10,17:50:39.827
46.653637585997785,2,150,0xBBBB,0.03837418141961098,True,False,0x9CD1,BBBB3D1D2E3F01009CD1,10,17:50:39.927
46.75336836399947,2,151,0xBBBB,-0.009625818580389023,True,False,0x8B10,BBBBBC1DB59C01008B10,10,17:50:40.026
46.85484715699931,2,152,0xBBBB,0.03837418141961098,True,False,0x9CD1,BBBB3D1D2E3F01009CD1,10,17:50:40.128
46.95443908800007,2,153,0xBBBB,0.08637418141961098,True,False,0x63D2,BBBB3DB0E4F2010063D2,10,17:50:40.227
47.05443358999764,2,154,0xBBBB,0.12744038105010988,True,False,0xB814,BBBB3E027FBB0100B814,10,17:50:40.327
47.155752863996895,2,155,0xBBBB,0.07944038105010988,True,False,0x7D2A,BBBB3DA2B1A301007D2A,10,17:50:40.429
47.255027988998336,2,156,0xBBBB,0.03144038105010988,True,False,0x2C68,BBBB3D00C7A101002C68,10,17:50:40.528
47.35511971199958,2,157,0xBBBB,-0.016559618949890123,True,False,0xD7AE,BBBBBC87A80A0100D7AE,10,17:50:40.628
47.45493234499736,2,158,0xBBBB,-0.0087742418050766,True,False,0xAE92,BBBBBC0FC1D60100AE92,10,17:50:40.728
47.554392132999055,2,159,0xBBBB,0.0392257581949234,True,False,0x56A5,BBBB3D20AB30010056A5,10,17:50:40.827
47.654966885998874,2,160,0xBBBB,0.0872257581949234,True,False,0x386F,BBBB3DB2A36B0100386F,10,17:50:40.928
47.75553828699776,2,161,0xBBBB,0.13522575819492338,True,False,0x06B4,BBBB3E0A789F010006B4,10,17:50:41.028
47.85487347599701,2,162,0xBBBB,0.08722575819492338,True,False,0x386F,BBBB3DB2A36B0100386F,10,17:50:41.128
47.95484814199881,2,163,0xBBBB,0.03922575819492338,True,False,0x56A5,BBBB3D20AB30010056A5,10,17:50:41.228
48.05377377599871,2,164,0xBBBB,0.08722575819492338,True,False,0x386F,BBBB3DB2A36B0100386F,10,17:50:41.327
48.155887574997905,2,165,0xBBBB,0.13522575819492338,True,False,0x06B4,BBBB3E0A789F010006B4,10,17:50:41.429
48.25452880999728,2,166,0xBBBB,0.08722575819492338,True,False,0x386F,BBBB3DB2A36B0100386F,10,17:50:41.527
48.35454063299767,2,167,0xBBBB,0.03922575819492338,True,False,0x56A5,BBBB3D20AB30010056A5,10,17:50:41.627
48.45610910299729,2,168,0xBBBB,0.08722575819492338,True,False,0x386F,BBBB3DB2A36B0100386F,10,17:50:41.729
48.55417679200036,2,169,0xBBBB,0.098663729429245,True,False,0x6478,BBBB3DCA103601006478,10,17:50:41.827
48.654459044999385,2,170,0xBBBB,0.050663729429245005,True,False,0xB969,BBBB3D4F84C50100B969,10,17:50:41.927
48.75431050899715,2,171,0xBBBB,0.0026637294292450042,True,False,0xD471,BBBB3B2E91F70100D471,10,17:50:42.027
48.85432177199982,2,172,0xBBBB,0.050663729429245005,True,False,0xB969,BBBB3D4F84C50100B969,10,17:50:42.127
48.954588936998334,2,173,0xBBBB,0.098663729429245,True,False,0x6478,BBBB3DCA103601006478,10,17:50:42.227
49.054900242997974,2,174,0xBBBB,0.050663729429245005,True,False,0xB969,BBBB3D4F84C50100B969,10,17:50:42.328
49.15377223699761,2,175,0xBBBB,0.0026637294292450042,True,False,0xD471,BBBB3B2E91F70100D471,10,17:50:42.427
49.25342423099937,2,176,0xBBBB,0.050663729429245005,True,False,0xB969,BBBB3D4F84C50100B969,10,17:50:42.526
49.353700616000424,2,177,0xBBBB,0.06732000112533569,True,False,0xB442,BBBB3D89DF120100B442,10,17:50:42.627
49.454288498000096,2,178,0xBBBB,0.01932000112533569,True,False,0xB6C9,BBBB3C9E44FB0100B6C9,10,17:50:42.727
49.55469227499998,2,179,0xBBBB,-0.02867999887466431,True,False,0x1560,BBBBBCEAF25101001560,10,17:50:42.828
49.65469180499713,2,180,0xBBBB,-0.07667999887466431,True,False,0xA144,BBBBBD9D0A670100A144,10,17:50:42.928
49.75352105399725,2,181,0xBBBB,-0.02867999887466431,True,False,0x1560,BBBBBCEAF25101001560,10,17:50:43.026
49.854666557999735,2,182,0xBBBB,0.01932000112533569,True,False,0xB6C9,BBBB3C9E44FB0100B6C9,10,17:50:43.128
49.954770011998335,2,183,0xBBBB,0.06732000112533569,True,False,0xB442,BBBB3D89DF120100B442,10,17:50:43.228
50.055641453000135,2,184,0xBBBB,0.01932000112533569,True,False,0xB6C9,BBBB3C9E44FB0100B6C9,10,17:50:43.329
50.15455507200022,2,185,0xBBBB,0.06732000112533569,True,False,0xB442,BBBB3D89DF120100B442,10,17:50:43.427
50.25539019599819,2,186,0xBBBB,0.11532000112533569,True,False,0x0A8C,BBBB3DEC2CE501000A8C,10,17:50:43.528
50.35525590699763,2,187,0xBBBB,0.14581174850463868,True,False,0x7F8E,BBBB3E154FAD01007F8E,10,17:50:43.628
50.45453047099727,2,188,0xBBBB,0.09781174850463868,True,False,0xBF45,BBBB3DC851870100BF45,10,17:50:43.727
50.55418581699996,2,189,0xBBBB,0.04981174850463868,True,False,0xDFA5,BBBB3D4C07670100DFA5,10,17:50:43.827
50.65339389099972,2,190,0xBBBB,0.00181174850463868,True,False,0x75E0,BBBB3AED7831010075E0,10,17:50:43.926
50.754233204999764,2,191,0xBBBB,-0.04618825149536132,True,False,0x5C3E,BBBBBD3D2FE401005C3E,10,17:50:44.027
50.85507363599754,2,192,0xBBBB,0.00181174850463868,True,False,0x75E0,BBBB3AED7831010075E0,10,17:50:44.128
50.955964073997166,2,193,0xBBBB,0.04981174850463868,True,False,0xDFA5,BBBB3D4C07670100DFA5,10,17:50:44.229
51.05366299299931,2,194,0xBBBB,0.00181174850463868,True,False,0x75E0,BBBB3AED7831010075E0,10,17:50:44.327
51.1530238819978,2,195,0xBBBB,0.04981174850463868,True,False,0xDFA5,BBBB3D4C07670100DFA5,10,17:50:44.426
51.25275493599838,2,196,0xBBBB,0.00181174850463868,True,False,0x75E0,BBBB3AED7831010075E0,10,17:50:44.526
51.353676103997714,2,197,0xBBBB,0.02203550934791565,True,False,0x0C9D,BBBB3CB483D001000C9D,10,17:50:44.627
51.454044399997656,2,198,0xBBBB,0.07003550934791565,True,False,0x70FC,BBBB3D8F6EC7010070FC,10,17:50:44.727
51.55440850599916,2,199,0xBBBB,0.02203550934791565,True,False,0x0C9D,BBBB3CB483D001000C9D,10,17:50:44.827
51.65347745299732,2,200,0xBBBB,-0.02596449065208435,True,False,0xE5CD,BBBBBCD4B37C0100E5CD,10,17:50:44.926
51.75384519100044,2,201,0xBBBB,0.02203550934791565,True,False,0x0C9D,BBBB3CB483D001000C9D,10,17:50:45.027
51.85381650199997,2,202,0xBBBB,0.07003550934791565,True,False,0x70FC,BBBB3D8F6EC7010070FC,10,17:50:45.127
51.95292930999858,2,203,0xBBBB,0.02203550934791565,True,False,0x0C9D,BBBB3CB483D001000C9D,10,17:50:45.226
52.05396474000008,2,204,0xBBBB,0.07003550934791565,True,False,0x70FC,BBBB3D8F6EC7010070FC,10,17:50:45.327
52.15530943199701,2,205,0xBBBB,0.11803550934791565,True,False,0xD07C,BBBB3DF1BC9A0100D07C,10,17:50:45.428
52.25474379499792,2,206,0xBBBB,0.07003550934791565,True,False,0x70FC,BBBB3D8F6EC7010070FC,10,17:50:45.528
52.35466789199927,2,207,0xBBBB,0.02203550934791565,True,False,0x0C9D,BBBB3CB483D001000C9D,10,17:50:45.628
52.45447577199957,2,208,0xBBBB,0.026591578125953676,True,False,0xDC30,BBBB3CD9D6950100DC30,10,17:50:45.727
52.55583722699885,2,209,0xBBBB,0.02331059128046036,True,False,0x473F,BBBB3CBEF5DA0100473F,10,17:50:45.829
52.65406219799843,2,210,0xBBBB,0.03671319484710694,True,False,0x54A3,BBBB3D166093010054A3,10,17:50:45.927
52.754162856999756,2,211,0xBBBB,0.08471319484710693,True,False,0x4C21,BBBB3DAD7E1D01004C21,10,17:50:46.027
52.853949782998825,2,212,0xBBBB,0.13271319484710692,True,False,0xB407,BBBB3E07E5F80100B407,10,17:50:46.127
52.95466896599828,2,213,0xBBBB,0.08471319484710692,True,False,0x4C21,BBBB3DAD7E1D01004C21,10,17:50:46.228
53.05436230399937,2,214,0xBBBB,0.03671319484710692,True,False,0x54A3,BBBB3D166093010054A3,10,17:50:46.327
53.15500996799892,2,215,0xBBBB,-0.011286805152893084,True,False,0xE8FF,BBBBBC38EC4B0100E8FF,10,17:50:46.428
53.25413171499895,2,216,0xBBBB,-0.059286805152893085,True,False,0xDCCA,BBBBBD72D6B90100DCCA,10,17:50:46.527
53.35327050399792,2,217,0xBBBB,-0.028844678401947023,True,False,0x790D,BBBBBCEC4BAD0100790D,10,17:50:46.626
53.453314729998965,2,218,0xBBBB,0.019155321598052978,True,False,0xBDD0,BBBB3C9CEB9F0100BDD0,10,17:50:46.726
53.553641956998035,2,219,0xBBBB,-0.028844678401947023,True,False,0x790D,BBBBBCEC4BAD0100790D,10,17:50:46.827
53.654004105999775,2,220,0xBBBB,0.019155321598052978,True,False,0xBDD0,BBBB3C9CEB9F0100BDD0,10,17:50:46.927
53.75376896200032,2,221,0xBBBB,-0.028844678401947023,True,False,0x790D,BBBBBCEC4BAD0100790D,10,17:50:47.027
53.8535019689989,2,222,0xBBBB,0.019155321598052978,True,False,0xBDD0,BBBB3C9CEB9F0100BDD0,10,17:50:47.126
53.95413342899701,2,223,0xBBBB,-0.028844678401947023,True,False,0x790D,BBBBBCEC4BAD0100790D,10,17:50:47.227
54.053945777999616,2,224,0xBBBB,0.019155321598052978,True,False,0xBDD0,BBBB3C9CEB9F0100BDD0,10,17:50:47.327
54.15365168599965,2,225,0xBBBB,-0.028844678401947023,True,False,0x790D,BBBBBCEC4BAD0100790D,10,17:50:47.427
54.25326344699715,2,226,0xBBBB,0.019155321598052978,True,False,0xBDD0,BBBB3C9CEB9F0100BDD0,10,17:50:47.526
54.354733015999955,2,227,0xBBBB,0.033611661195755003,True,False,0x3558,BBBB3D09AC6201003558,10,17:50:47.628
54.45330328699856,2,228,0xBBBB,-0.014388338804244998,True,False,0x0B4B,BBBBBC6BBD1101000B4B,10,17:50:47.726
54.55479772000035,2,229,0xBBBB,-0.062388338804245,True,False,0x5C05,BBBBBD7F8AEA01005C05,10,17:50:47.828
54.65318304799803,2,230,0xBBBB,-0.020586965978145598,True,False,0x8F69,BBBBBCA8A5FF01008F69,10,17:50:47.926
54.75361699399946,2,231,0xBBBB,0.027413034021854403,True,False,0x5638,BBBB3CE0914D01005638,10,17:50:48.027
54.85328155499883,2,232,0xBBBB,-0.020586965978145598,True,False,0x8F69,BBBBBCA8A5FF01008F69,10,17:50:48.126
54.95542635899983,2,233,0xBBBB,0.027413034021854403,True,False,0x5638,BBBB3CE0914D01005638,10,17:50:48.228
55.054743663997215,2,234,0xBBBB,-0.020586965978145598,True,False,0x8F69,BBBBBCA8A5FF01008F69,10,17:50:48.328
55.15380171399738,2,235,0xBBBB,0.027413034021854403,True,False,0x5638,BBBB3CE0914D01005638,10,17:50:48.427
55.2539426000003,2,236,0xBBBB,0.03868969082832337,True,False,0x20A4,BBBB3D1E7915010020A4,10,17:50:48.527
55.35535936700035,2,237,0xBBBB,0.06867887973785401,True,False,0xF9C7,BBBB3D8CA7830100F9C7,10,17:50:48.628
55.45640764599739,2,238,0xBBBB,0.02067887973785401,True,False,0x0716,BBBB3CA966C101000716,10,17:50:48.729
55.55491338199863,2,239,0xBBBB,-0.02732112026214599,True,False,0x92C7,BBBBBCDFD08B010092C7,10,17:50:48.828
55.65506711899798,2,240,0xBBBB,0.02067887973785401,True,False,0x0716,BBBB3CA966C101000716,10,17:50:48.928
55.753735447997315,2,241,0xBBBB,-0.02732112026214599,True,False,0x92C7,BBBBBCDFD08B010092C7,10,17:50:49.027
55.85408139100036,2,242,0xBBBB,0.02067887973785401,True,False,0x0716,BBBB3CA966C101000716,10,17:50:49.127
55.95427619499969,2,243,0xBBBB,0.06867887973785401,True,False,0xF9C7,BBBB3D8CA7830100F9C7,10,17:50:49.227
56.05343844899835,2,244,0xBBBB,0.02067887973785401,True,False,0x0716,BBBB3CA966C101000716,10,17:50:49.326
56.15387546599959,2,245,0xBBBB,-0.02732112026214599,True,False,0x92C7,BBBBBCDFD08B010092C7,10,17:50:49.427
56.25406384499729,2,246,0xBBBB,0.02067887973785401,True,False,0x0716,BBBB3CA966C101000716,10,17:50:49.527
56.35500009599855,2,247,0xBBBB,0.06867887973785401,True,False,0xF9C7,BBBB3D8CA7830100F9C7,10,17:50:49.628
56.45369021499937,2,248,0xBBBB,0.07484720945358277,True,False,0xE26E,BBBB3D99497E0100E26E,10,17:50:49.727
56.55508211800043,2,249,0xBBBB,0.032286989688873294,True,False,0xBC68,BBBB3D043F5D0100BC68,10,17:50:49.828
56.653704909000226,2,250,0xBBBB,0.0802869896888733,True,False,0xE739,BBBB3DA46D810100E739,10,17:50:49.927
56.753311360000225,2,251,0xBBBB,0.032286989688873294,True,False,0xBC68,BBBB3D043F5D0100BC68,10,17:50:50.026
56.85435656399932,2,252,0xBBBB,-0.015713010311126707,True,False,0x389E,BBBBBC80B8920100389E,10,17:50:50.127
56.95575908299725,2,253,0xBBBB,0.032286989688873294,True,False,0xBC68,BBBB3D043F5D0100BC68,10,17:50:50.229
57.053776198998094,2,254,0xBBBB,0.0802869896888733,True,False,0xE739,BBBB3DA46D810100E739,10,17:50:50.327
57.15362737800024,2,255,0xBBBB,0.08849427103996277,True,False,0xE844,BBBB3DB53C7C0100E844,10,17:50:50.427
57.25539782600026,2,256,0xBBBB,0.04049427103996277,True,False,0xC0D2,BBBB3D25DD520100C0D2,10,17:50:50.528
57.3543418909976,2,257,0xBBBB,0.08849427103996277,True,False,0xE844,BBBB3DB53C7C0100E844,10,17:50:50.627
57.45349995399738,2,258,0xBBBB,0.04049427103996277,True,False,0xC0D2,BBBB3D25DD520100C0D2,10,17:50:50.726
57.55444346799777,2,259,0xBBBB,-0.0075057289600372334,True,False,0x5FC4,BBBBBBF5F29E01005FC4,10,17:50:50.827
57.65352414500012,2,260,0xBBBB,-0.055505728960037234,True,False,0xDFED,BBBBBD6359FA0100DFED,10,17:50:50.926
57.753767837999476,2,261,0xBBBB,-0.00773354917764664,True,False,0xB28A,BBBBBBFD69B60100B28A,10,17:50:51.027
57.853803957998025,2,262,0xBBBB,0.04026645082235336,True,False,0x8871,BBBB3D24EE6F01008871,10,17:50:51.127
57.95420242099863,2,263,0xBBBB,0.08826645082235336,True,False,0x6EA8,BBBB3DB4C50A01006EA8,10,17:50:51.227
58.054285196998535,2,264,0xBBBB,0.04026645082235336,True,False,0x8871,BBBB3D24EE6F01008871,10,17:50:51.327
58.15440959799889,2,265,0xBBBB,-0.00773354917764664,True,False,0xB28A,BBBBBBFD69B60100B28A,10,17:50:51.427
58.25436972999887,2,266,0xBBBB,0.04026645082235336,True,False,0x8871,BBBB3D24EE6F01008871,10,17:50:51.527
58.355372469999566,2,267,0xBBBB,0.08826645082235336,True,False,0x6EA8,BBBB3DB4C50A01006EA8,10,17:50:51.628
58.45450007999898,2,268,0xBBBB,0.13626645082235336,True,False,0x09BB,BBBB3E0B896F010009BB,10,17:50:51.727
58.555022024997015,2,269,0xBBBB,0.08826645082235336,True,False,0x6EA8,BBBB3DB4C50A01006EA8,10,17:50:51.828
58.65404291599771,2,270,0xBBBB,0.04026645082235336,True,False,0x8871,BBBB3D24EE6F01008871,10,17:50:51.927
58.75467297599971,2,271,0xBBBB,-0.00773354917764664,True,False,0xB28A,BBBBBBFD69B60100B28A,10,17:50:52.028
58.85451409599773,2,272,0xBBBB,0.04026645082235336,True,False,0x8871,BBBB3D24EE6F01008871,10,17:50:52.127
58.95391185599874,2,273,0xBBBB,-0.00773354917764664,True,False,0xB28A,BBBBBBFD69B60100B28A,10,17:50:52.227
59.054109172997414,2,274,0xBBBB,-0.05573354917764664,True,False,0x28ED,BBBBBD6448DD010028ED,10,17:50:52.327
59.15342060799958,2,275,0xBBBB,-0.03564349710941315,True,False,0x65F7,BBBBBD11FEEA010065F7,10,17:50:52.426
59.2545186119969,2,276,0xBBBB,-0.08364349710941316,True,False,0xD8A9,BBBBBDAB4D480100D8A9,10,17:50:52.527
59.35426725999787,2,277,0xBBBB,-0.035643497109413155,True,False,0x65F7,BBBBBD11FEEA010065F7,10,17:50:52.627
59.45426873799806,2,278,0xBBBB,-0.08364349710941316,True,False,0xD8A9,BBBBBDAB4D480100D8A9,10,17:50:52.727
59.554677257998264,2,279,0xBBBB,-0.035643497109413155,True,False,0x65F7,BBBBBD11FEEA010065F7,10,17:50:52.828
59.65465247499742,2,280,0xBBBB,-0.08364349710941316,True,False,0xD8A9,BBBBBDAB4D480100D8A9,10,17:50:52.928
59.75360631699732,2,281,0xBBBB,-0.035643497109413155,True,False,0x65F7,BBBBBD11FEEA010065F7,10,17:50:53.026
59.85347285899843,2,282,0xBBBB,-0.08364349710941316,True,False,0xD8A9,BBBBBDAB4D480100D8A9,10,17:50:53.126
59.95487397800025,2,283,0xBBBB,-0.035643497109413155,True,False,0x65F7,BBBBBD11FEEA010065F7,10,17:50:53.228
60.054918757999985,2,284,0xBBBB,-0.08364349710941316,True,False,0xD8A9,BBBBBDAB4D480100D8A9,10,17:50:53.328
60.154129339000065,2,285,0xBBBB,-0.035643497109413155,True,False,0x65F7,BBBBBD11FEEA010065F7,10,17:50:53.427
60.25449343899891,2,286,0xBBBB,-0.08364349710941316,True,False,0xD8A9,BBBBBDAB4D480100D8A9,10,17:50:53.527
60.35444993700003,2,287,0xBBBB,-0.035643497109413155,True,False,0x65F7,BBBBBD11FEEA010065F7,10,17:50:53.627
60.45478107099916,2,288,0xBBBB,0.012356502890586846,True,False,0xE8E7,BBBB3C4A72EE0100E8E7,10,17:50:53.728
60.55439226899762,2,289,0xBBBB,0.06035650289058685,True,False,0x0FAC,BBBB3D77386101000FAC,10,17:50:53.827
60.65475580899874,2,290,0xBBBB,0.012356502890586846,True,False,0xE8E7,BBBB3C4A72EE0100E8E7,10,17:50:53.928
60.754067801997735,2,291,0xBBBB,-0.035643497109413155,True,False,0x65F7,BBBBBD11FEEA010065F7,10,17:50:54.027
60.853927079999266,2,292,0xBBBB,-0.07297301292419434,True,False,0xE90D,BBBBBD9572E00100E90D,10,17:50:54.127
60.95438141499835,2,293,0xBBBB,-0.024973012924194335,True,False,0x4567,BBBBBCCC943401004567,10,17:50:54.227
61.05465974699837,2,294,0xBBBB,0.023026987075805666,True,False,0xF3F6,BBBB3CBCA3180100F3F6,10,17:50:54.328
61.15372058600042,2,295,0xBBBB,0.021760858595371246,True,False,0xCD68,BBBB3CB243D40100CD68,10,17:50:54.427
61.25390085899926,2,296,0xBBBB,0.06976085859537125,True,False,0x73D7,BBBB3D8EDEC8010073D7,10,17:50:54.527
61.355018416998064,2,297,0xBBBB,0.11776085859537125,True,False,0x1000,BBBB3DF12C9B01001000,10,17:50:54.628
61.453758260999166,2,298,0xBBBB,0.06976085859537125,True,False,0x73D7,BBBB3D8EDEC8010073D7,10,17:50:54.727
61.55381198000032,2,299,0xBBBB,0.09905438423156739,True,False,0xC746,BBBB3DCADD060100C746,10,17:50:54.827
61.65303764700002,2,300,0xBBBB,0.0,True,True,0x97C1,BBBB00000000010197C1,10,17:50:54.926
61.65321839899843,2,1001,0xBBBB,0.0,True,True,0x97C1,BBBB00000000010197C1,10,17:50:54.926
61.663403097998525,2,1002,0xBBBB,0.0,True,True,0x97C1,BBBB00000000010197C1,10,17:50:54.936
61.67363752500023,2,1003,0xBBBB,0.0,True,True,0x97C1,BBBB00000000010197C1,10,17:50:54.947
61.68379149399698,2,1004,0xBBBB,0.0,True,True,0x97C1,BBBB00000000010197C1,10,17:50:54.957
61.693957755000156,2,1005,0xBBBB,0.0,True,True,0x97C1,BBBB00000000010197C1,10,17:50:54.967
61.70416061299693,2,1006,0xBBBB,0.0,True,True,0x97C1,BBBB00000000010197C1,10,17:50:54.977
61.71430536199841,2,1007,0xBBBB,0.0,True,True,0x97C1,BBBB00000000010197C1,10,17:50:54.987
61.72451604299931,2,1008,0xBBBB,0.0,True,True,0x97C1,BBBB00000000010197C1,10,17:50:54.997
61.73472364999907,2,1009,0xBBBB,0.0,True,True,0x97C1,BBBB00000000010197C1,10,17:50:55.008
61.74486672399871,2,1010,0xBBBB,0.0,True,True,0x97C1,BBBB00000000010197C1,10,17:50:55.018
61.75507125799777,2,1011,0xBBBB,0.0,True,True,0x97C1,BBBB00000000010197C1,10,17:50:55.028
61.7652330489982,2,1012,0xBBBB,0.0,True,True,0x97C1,BBBB00000000010197C1,10,17:50:55.038
61.77535907999845,2,1013,0xBBBB,0.0,True,True,0x97C1,BBBB00000000010197C1,10,17:50:55.048
61.78559881500041,2,1014,0xBBBB,0.0,True,True,0x97C1,BBBB00000000010197C1,10,17:50:55.058
61.79581312799928,2,1015,0xBBBB,0.0,True,True,0x97C1,BBBB00000000010197C1,10,17:50:55.069
61.80605509799716,2,1016,0xBBBB,0.0,True,True,0x97C1,BBBB00000000010197C1,10,17:50:55.079
61.816300140999374,2,1017,0xBBBB,0.0,True,True,0x97C1,BBBB00000000010197C1,10,17:50:55.089
61.8265566379996,2,1018,0xBBBB,0.0,True,True,0x97C1,BBBB00000000010197C1,10,17:50:55.099
61.83676145199934,2,1019,0xBBBB,0.0,True,True,0x97C1,BBBB00000000010197C1,10,17:50:55.110
61.84690256899921,2,1020,0xBBBB,0.0,True,True,0x97C1,BBBB00000000010197C1,10,17:50:55.120
61.857040892999066,2,1021,0xBBBB,0.0,True,True,0x97C1,BBBB00000000010197C1,10,17:50:55.130
61.867286773998785,2,1022,0xBBBB,0.0,True,True,0x97C1,BBBB00000000010197C1,10,17:50:55.140
61.87750360099744,2,1023,0xBBBB,0.0,True,True,0x97C1,BBBB00000000010197C1,10,17:50:55.150
61.88772266199885,2,1024,0xBBBB,0.0,True,True,0x97C1,BBBB00000000010197C1,10,17:50:55.161
61.8978995389989,2,1025,0xBBBB,0.0,True,True,0x97C1,BBBB00000000010197C1,10,17:50:55.171
61.90812558499965,2,1026,0xBBBB,0.0,True,True,0x97C1,BBBB00000000010197C1,10,17:50:55.181
61.91838264099715,2,1027,0xBBBB,0.0,True,True,0x97C1,BBBB00000000010197C1,10,17:50:55.191
61.928660090998164,2,1028,0xBBBB,0.0,True,True,0x97C1,BBBB00000000010197C1,10,17:50:55.202
61.93890401599856,2,1029,0xBBBB,0.0,True,True,0x97C1,BBBB00000000010197C1,10,17:50:55.212
61.94914850100031,2,1030,0xBBBB,0.0,True,True,0x97C1,BBBB00000000010197C1,10,17:50:55.222
61.95939521999753,2,1031,0xBBBB,0.0,True,True,0x97C1,BBBB00000000010197C1,10,17:50:55.232
61.96962098599761,2,1032,0xBBBB,0.0,True,True,0x97C1,BBBB00000000010197C1,10,17:50:55.243
61.97981462499956,2,1033,0xBBBB,0.0,True,True,0x97C1,BBBB00000000010197C1,10,17:50:55.253
61.990037878000294,2,1034,0xBBBB,0.0,True,True,0x97C1,BBBB00000000010197C1,10,17:50:55.263
62.00031085799856,2,1035,0xBBBB,0.0,True,True,0x97C1,BBBB00000000010197C1,10,17:50:55.273
62.010549195998465,2,1036,0xBBBB,0.0,True,True,0x97C1,BBBB00000000010197C1,10,17:50:55.283
62.020766301997355,2,1037,0xBBBB,0.0,True,True,0x97C1,BBBB00000000010197C1,10,17:50:55.294
62.030905183997675,2,1038,0xBBBB,0.0,True,True,0x97C1,BBBB00000000010197C1,10,17:50:55.304
62.0410630639999,2,1039,0xBBBB,0.0,True,True,0x97C1,BBBB00000000010197C1,10,17:50:55.314
62.05126871599714,2,1040,0xBBBB,0.0,True,True,0x97C1,BBBB00000000010197C1,10,17:50:55.324
62.06150174600043,2,1041,0xBBBB,0.0,True,True,0x97C1,BBBB00000000010197C1,10,17:50:55.334
62.07184289199722,2,1042,0xBBBB,0.0,True,True,0x97C1,BBBB00000000010197C1,10,17:50:55.345
62.082077877999836,2,1043,0xBBBB,0.0,True,True,0x97C1,BBBB00000000010197C1,10,17:50:55.355
62.09231006999835,2,1044,0xBBBB,0.0,True,True,0x97C1,BBBB00000000010197C1,10,17:50:55.365
62.10259394499735,2,1045,0xBBBB,0.0,True,True,0x97C1,BBBB00000000010197C1,10,17:50:55.375
62.11281859399969,2,1046,0xBBBB,0.0,True,True,0x97C1,BBBB00000000010197C1,10,17:50:55.386
62.12304212599702,2,1047,0xBBBB,0.0,True,True,0x97C1,BBBB00000000010197C1,10,17:50:55.396
62.133274038998934,2,1048,0xBBBB,0.0,True,True,0x97C1,BBBB00000000010197C1,10,17:50:55.406
62.143515169998864,2,1049,0xBBBB,0.0,True,True,0x97C1,BBBB00000000010197C1,10,17:50:55.416
62.15364958299688,2,1050,0xBBBB,0.0,True,True,0x97C1,BBBB00000000010197C1,10,17:50:55.427
62.16389155299839,2,1051,0xBBBB,0.0,True,True,0x97C1,BBBB00000000010197C1,10,17:50:55.437
62.174145255998155,2,1052,0xBBBB,0.0,True,True,0x97C1,BBBB00000000010197C1,10,17:50:55.447
62.18438722599967,2,1053,0xBBBB,0.0,True,True,0x97C1,BBBB00000000010197C1,10,17:50:55.457
62.194548458999634,2,1054,0xBBBB,0.0,True,True,0x97C1,BBBB00000000010197C1,10,17:50:55.467
62.20472701199833,2,1055,0xBBBB,0.0,True,True,0x97C1,BBBB00000000010197C1,10,17:50:55.478
62.21495976199731,2,1056,0xBBBB,0.0,True,True,0x97C1,BBBB00000000010197C1,10,17:50:55.488
62.22519139599899,2,1057,0xBBBB,0.0,True,True,0x97C1,BBBB00000000010197C1,10,17:50:55.498
62.2354397909985,2,1058,0xBBBB,0.0,True,True,0x97C1,BBBB00000000010197C1,10,17:50:55.508
62.24569014199733,2,1059,0xBBBB,0.0,True,True,0x97C1,BBBB00000000010197C1,10,17:50:55.519
62.25591786400037,2,1060,0xBBBB,0.0,True,True,0x97C1,BBBB00000000010197C1,10,17:50:55.529
62.26614949699797,2,1061,0xBBBB,0.0,True,True,0x97C1,BBBB00000000010197C1,10,17:50:55.539
62.276421918999404,2,1062,0xBBBB,0.0,True,True,0x97C1,BBBB00000000010197C1,10,17:50:55.549
62.28672786399693,2,1063,0xBBBB,0.0,True,True,0x97C1,BBBB00000000010197C1,10,17:50:55.560
62.296914798000216,2,1064,0xBBBB,0.0,True,True,0x97C1,BBBB00000000010197C1,10,17:50:55.570
62.307150622000336,2,1065,0xBBBB,0.0,True,True,0x97C1,BBBB00000000010197C1,10,17:50:55.580
62.31738476999817,2,1066,0xBBBB,0.0,True,True,0x97C1,BBBB00000000010197C1,10,17:50:55.590
62.32769853799982,2,1067,0xBBBB,0.0,True,True,0x97C1,BBBB00000000010197C1,10,17:50:55.601
62.33795699099937,2,1068,0xBBBB,0.0,True,True,0x97C1,BBBB00000000010197C1,10,17:50:55.611
62.348188623996975,2,1069,0xBBBB,0.0,True,True,0x97C1,BBBB00000000010197C1,10,17:50:55.621
62.35842165400027,2,1070,0xBBBB,0.0,True,True,0x97C1,BBBB00000000010197C1,10,17:50:55.631
62.36876252100046,2,1071,0xBBBB,0.0,True,True,0x97C1,BBBB00000000010197C1,10,17:50:55.642
62.37900840200018,2,1072,0xBBBB,0.0,True,True,0x97C1,BBBB00000000010197C1,10,17:50:55.652
62.38924226999734,2,1073,0xBBBB,0.0,True,True,0x97C1,BBBB00000000010197C1,10,17:50:55.662
62.399477255999955,2,1074,0xBBBB,0.0,True,True,0x97C1,BBBB00000000010197C1,10,17:50:55.672
62.409719504998066,2,1075,0xBBBB,0.0,True,True,0x97C1,BBBB00000000010197C1,10,17:50:55.683
62.41995504999795,2,1076,0xBBBB,0.0,True,True,0x97C1,BBBB00000000010197C1,10,17:50:55.693
62.43012354500024,2,1077,0xBBBB,0.0,True,True,0x97C1,BBBB00000000010197C1,10,17:50:55.703
62.44035434000034,2,1078,0xBBBB,0.0,True,True,0x97C1,BBBB00000000010197C1,10,17:50:55.713
62.45061782199991,2,1079,0xBBBB,0.0,True,True,0x97C1,BBBB00000000010197C1,10,17:50:55.724
62.46085252799821,2,1080,0xBBBB,0.0,True,True,0x97C1,BBBB00000000010197C1,10,17:50:55.734
62.471088630998565,2,1081,0xBBBB,0.0,True,True,0x97C1,BBBB00000000010197C1,10,17:50:55.744
62.48129372499898,2,1082,0xBBBB,0.0,True,True,0x97C1,BBBB00000000010197C1,10,17:50:55.754
62.49142618199767,2,1083,0xBBBB,0.0,True,True,0x97C1,BBBB00000000010197C1,10,17:50:55.764
62.501579591000336,2,1084,0xBBBB,0.0,True,True,0x97C1,BBBB00000000010197C1,10,17:50:55.774
62.51174696999806,2,1085,0xBBBB,0.0,True,True,0x97C1,BBBB00000000010197C1,10,17:50:55.785
62.521976646999974,2,1086,0xBBBB,0.0,True,True,0x97C1,BBBB00000000010197C1,10,17:50:55.795
62.53212782199989,2,1087,0xBBBB,0.0,True,True,0x97C1,BBBB00000000010197C1,10,17:50:55.805
62.54234548699969,2,1088,0xBBBB,0.0,True,True,0x97C1,BBBB00000000010197C1,10,17:50:55.815
62.55263774299965,2,1089,0xBBBB,0.0,True,True,0x97C1,BBBB00000000010197C1,10,17:50:55.826
62.56281378199856,2,1090,0xBBBB,0.0,True,True,0x97C1,BBBB00000000010197C1,10,17:50:55.836
62.57303563700043,2,1091,0xBBBB,0.0,True,True,0x97C1,BBBB00000000010197C1,10,17:50:55.846
62.58328403300038,2,1092,0xBBBB,0.0,True,True,0x97C1,BBBB00000000010197C1,10,17:50:55.856
62.593516503999126,2,1093,0xBBBB,0.0,True,True,0x97C1,BBBB00000000010197C1,10,17:50:55.866
62.60373528699711,2,1094,0xBBBB,0.0,True,True,0x97C1,BBBB00000000010197C1,10,17:50:55.877
62.61389400400003,2,1095,0xBBBB,0.0,True,True,0x97C1,BBBB00000000010197C1,10,17:50:55.887
62.62412032999782,2,1096,0xBBBB,0.0,True,True,0x97C1,BBBB00000000010197C1,10,17:50:55.897
62.63435671199841,2,1097,0xBBBB,0.0,True,True,0x97C1,BBBB00000000010197C1,10,17:50:55.907
62.644614885997726,2,1098,0xBBBB,0.0,True,True,0x97C1,BBBB00000000010197C1,10,17:50:55.918
62.65485294399696,2,1099,0xBBBB,0.0,True,True,0x97C1,BBBB00000000010197C1,10,17:50:55.928
62.66508792999957,2,1100,0xBBBB,0.0,True,True,0x97C1,BBBB00000000010197C1,10,17:50:55.938
63.18155827999726,2,2001,0xBBBB,0.0,True,False,0x5700,BBBB0000000001005700,10,17:50:56.454
63.19174353699782,2,2002,0xBBBB,0.0,True,False,0x5700,BBBB0000000001005700,10,17:50:56.465
63.20189415300047,2,2003,0xBBBB,0.0,True,False,0x5700,BBBB0000000001005700,10,17:50:56.475
63.21201068599839,2,2004,0xBBBB,0.0,True,False,0x5700,BBBB0000000001005700,10,17:50:56.485
63.22214007000002,2,2005,0xBBBB,0.0,True,False,0x5700,BBBB0000000001005700,10,17:50:56.495
63.23226833700028,2,2006,0xBBBB,0.0,True,False,0x5700,BBBB0000000001005700,10,17:50:56.505
63.242387662998226,2,2007,0xBBBB,0.0,True,False,0x5700,BBBB0000000001005700,10,17:50:56.515
63.25251620899871,2,2008,0xBBBB,0.0,True,False,0x5700,BBBB0000000001005700,10,17:50:56.525
63.26275398799771,2,2009,0xBBBB,0.0,True,False,0x5700,BBBB0000000001005700,10,17:50:56.536
63.27300657399974,2,2010,0xBBBB,0.0,True,False,0x5700,BBBB0000000001005700,10,17:50:56.546
